Date,sentscore
2024-03-26 15:00:00,0.46627727
2024-03-26 15:30:00,0.46627727
2024-03-26 16:00:00,0.94335467
2024-03-26 16:30:00,0.46627727
2024-03-26 17:00:00,0.46627727
2024-03-26 17:30:00,0.43121004
2024-03-26 18:00:00,0.7814084
2024-03-26 18:30:00,0.46627727
2024-03-26 19:00:00,0.55383515
2024-03-26 19:30:00,0.6877342
2024-03-26 20:00:00,0.57801133
2024-03-26 20:30:00,0.46627727
2024-03-26 21:00:00,0.60637534
2024-03-26 21:30:00,0.64161336
2024-03-26 22:00:00,0.9677099
2024-03-26 22:30:00,0.28493497
2024-03-26 23:00:00,0.4671038
2024-03-26 23:30:00,0.7654287
2024-03-27 00:00:00,0.6899796
2024-03-27 00:30:00,0.7814084
2024-03-27 01:00:00,0.38191536
2024-03-27 01:30:00,0.46627727
2024-03-27 02:00:00,0.7476306
2024-03-27 02:30:00,0.66530746
2024-03-27 03:00:00,0.08838439
2024-03-27 03:30:00,0.84692526
2024-03-27 04:00:00,0.7814084
2024-03-27 04:30:00,0.9194952
2024-03-27 05:00:00,0.38191536
2024-03-27 05:30:00,0.46627727
2024-03-27 06:00:00,0.46627727
2024-03-27 06:30:00,0.46627727
2024-03-27 07:00:00,0.38191536
2024-03-27 07:30:00,0.46627727
2024-03-27 08:00:00,0.46627727
2024-03-27 08:30:00,0.46627727
2024-03-27 09:00:00,0.42409632
2024-03-27 09:30:00,0.46627727
2024-03-27 10:00:00,0.46627727
2024-03-27 10:30:00,0.46627727
2024-03-27 11:00:00,0.503747
2024-03-27 11:30:00,0.46627727
2024-03-27 12:00:00,0.46627727
2024-03-27 12:30:00,0.46627727
2024-03-27 13:00:00,0.5540142
2024-03-27 13:30:00,0.46627727
2024-03-27 14:00:00,0.46627727
2024-03-27 14:30:00,0.46627727
2024-03-27 15:00:00,0.4336015
2024-03-27 15:30:00,0.46627727
2024-03-27 16:00:00,0.5777496
2024-03-27 16:30:00,0.46627727
2024-03-27 17:00:00,0.57797
2024-03-27 17:30:00,0.6032345
2024-03-27 18:00:00,0.5345309
2024-03-27 18:30:00,0.46627727
2024-03-27 19:00:00,0.46627727
2024-03-27 19:30:00,0.40392882
2024-03-27 20:00:00,0.51625526
2024-03-27 20:30:00,0.46627727
2024-03-27 21:00:00,0.77341855
2024-03-27 21:30:00,0.46627727
2024-03-27 22:00:00,0.6536257
2024-03-27 22:30:00,0.46627727
2024-03-27 23:00:00,0.5087888
2024-03-27 23:30:00,0.46627727
2024-03-28 00:00:00,0.46627727
2024-03-28 00:30:00,0.46627727
2024-03-28 01:00:00,0.23402028
2024-03-28 01:30:00,0.6536257
2024-03-28 02:00:00,0.46627727
2024-03-28 02:30:00,0.46627727
2024-03-28 03:00:00,0.46627727
2024-03-28 03:30:00,0.2970575
2024-03-28 04:00:00,0.64161336
2024-03-28 04:30:00,0.46627727
2024-03-28 05:00:00,0.46627727
2024-03-28 05:30:00,0.32788736
2024-03-28 06:00:00,0.46627727
2024-03-28 06:30:00,0.46627727
2024-03-28 07:00:00,0.62938064
2024-03-28 07:30:00,0.46627727
2024-03-28 08:00:00,0.46627727
2024-03-28 08:30:00,0.46627727
2024-03-28 09:00:00,0.46627727
2024-03-28 09:30:00,0.46627727
2024-03-28 10:00:00,0.46627727
2024-03-28 10:30:00,0.46627727
2024-03-28 11:00:00,0.46627727
2024-03-28 11:30:00,0.46627727
2024-03-28 12:00:00,0.45206082
2024-03-28 12:30:00,0.46627727
2024-03-28 13:00:00,0.46627727
2024-03-28 13:30:00,0.46627727
2024-03-28 14:00:00,0.46627727
2024-03-28 14:30:00,0.46627727
2024-03-28 15:00:00,0.46627727
2024-03-28 15:30:00,0.46627727
2024-03-28 16:00:00,0.46627727
2024-03-28 16:30:00,0.46627727
2024-03-28 17:00:00,0.46627727
2024-03-28 17:30:00,0.73778105
2024-03-28 18:00:00,0.506754
2024-03-28 18:30:00,0.6032345
2024-03-28 19:00:00,0.46627727
2024-03-28 19:30:00,0.0
2024-03-28 20:00:00,0.46627727
2024-03-28 20:30:00,0.46627727
2024-03-28 21:00:00,0.46627727
2024-03-28 21:30:00,0.7565021
2024-03-28 22:00:00,0.46627727
2024-03-28 22:30:00,0.46627727
2024-03-28 23:00:00,0.46627727
2024-03-28 23:30:00,0.46627727
2024-03-29 00:00:00,0.46627727
2024-03-29 00:30:00,0.03741458
2024-03-29 01:00:00,0.46627727
2024-03-29 01:30:00,0.46627727
2024-03-29 02:00:00,0.46627727
2024-03-29 02:30:00,0.46627727
2024-03-29 03:00:00,0.46627727
2024-03-29 03:30:00,0.46627727
2024-03-29 04:00:00,0.6766586
2024-03-29 04:30:00,0.46627727
2024-03-29 05:00:00,0.97944677
2024-03-29 05:30:00,0.46627727
2024-03-29 06:00:00,0.46627727
2024-03-29 06:30:00,0.72895086
2024-03-29 07:00:00,0.36824995
2024-03-29 07:30:00,0.46627727
2024-03-29 08:00:00,0.46627727
2024-03-29 08:30:00,0.46627727
2024-03-29 09:00:00,0.46627727
2024-03-29 09:30:00,0.46627727
2024-03-29 10:00:00,0.46627727
2024-03-29 10:30:00,0.46627727
2024-03-29 11:00:00,0.46627727
2024-03-29 11:30:00,0.46627727
2024-03-29 12:00:00,0.46627727
2024-03-29 12:30:00,0.46627727
2024-03-29 13:00:00,0.46627727
2024-03-29 13:30:00,0.46627727
2024-03-29 14:00:00,0.46627727
2024-03-29 14:30:00,0.46627727
2024-03-29 15:00:00,0.46627727
2024-03-29 15:30:00,0.46627727
2024-03-29 16:00:00,0.26724708
2024-03-29 16:30:00,0.46627727
2024-03-29 17:00:00,0.84141505
2024-03-29 17:30:00,0.46627727
2024-03-29 18:00:00,0.43632907
2024-03-29 18:30:00,0.48042482
2024-03-29 19:00:00,0.576372
2024-03-29 19:30:00,0.57287306
2024-03-29 20:00:00,0.45916906
2024-03-29 20:30:00,0.4336015
2024-03-29 21:00:00,0.46627727
2024-03-29 21:30:00,0.46627727
2024-03-29 22:00:00,0.46627727
2024-03-29 22:30:00,0.2875799
2024-03-29 23:00:00,0.46627727
2024-03-29 23:30:00,0.64497465
2024-03-30 00:00:00,1.0
2024-03-30 00:30:00,0.46627727
2024-03-30 01:00:00,0.46627727
2024-03-30 01:30:00,0.46627727
2024-03-30 02:00:00,0.46627727
2024-03-30 02:30:00,0.46627727
2024-03-30 03:00:00,0.46627727
2024-03-30 03:30:00,0.46627727
2024-03-30 04:00:00,0.46627727
2024-03-30 04:30:00,0.6104805
2024-03-30 05:00:00,0.46627727
2024-03-30 05:30:00,0.38668174
2024-03-30 06:00:00,0.46627727
2024-03-30 06:30:00,0.46627727
2024-03-30 07:00:00,0.46627727
2024-03-30 07:30:00,0.46627727
2024-03-30 08:00:00,0.46627727
2024-03-30 08:30:00,0.46627727
2024-03-30 09:00:00,0.46627727
2024-03-30 09:30:00,0.46627727
2024-03-30 10:00:00,0.46627727
2024-03-30 10:30:00,0.46627727
2024-03-30 11:00:00,0.46627727
2024-03-30 11:30:00,0.46627727
2024-03-30 12:00:00,0.46627727
2024-03-30 12:30:00,0.46627727
2024-03-30 13:00:00,0.46627727
2024-03-30 13:30:00,0.46627727
2024-03-30 14:00:00,0.46627727
2024-03-30 14:30:00,0.46627727
2024-03-30 15:00:00,0.46627727
2024-03-30 15:30:00,0.46627727
2024-03-30 16:00:00,0.46627727
2024-03-30 16:30:00,0.60235286
2024-03-30 17:00:00,0.46627727
2024-03-30 17:30:00,0.5657924
2024-03-30 18:00:00,0.3031739
2024-03-30 18:30:00,0.46627727
2024-03-30 19:00:00,0.48754683
2024-03-30 19:30:00,0.6104805
2024-03-30 20:00:00,0.6334215
2024-03-30 20:30:00,0.22440489
2024-03-30 21:00:00,0.46627727
2024-03-30 21:30:00,0.46627727
2024-03-30 22:00:00,0.46627727
2024-03-30 22:30:00,0.46627727
2024-03-30 23:00:00,0.46627727
2024-03-30 23:30:00,0.46627727
2024-03-31 00:00:00,0.46627727
2024-03-31 00:30:00,0.46627727
2024-03-31 01:00:00,0.46627727
2024-03-31 01:30:00,0.46627727
2024-03-31 02:00:00,0.31573725
2024-03-31 02:30:00,0.46627727
2024-03-31 03:00:00,0.46627727
2024-03-31 03:30:00,0.46627727
2024-03-31 04:00:00,0.46627727
2024-03-31 04:30:00,0.46627727
2024-03-31 05:00:00,0.46627727
2024-03-31 05:30:00,0.46627727
2024-03-31 06:00:00,0.46627727
2024-03-31 06:30:00,0.46627727
2024-03-31 07:00:00,0.46627727
2024-03-31 07:30:00,0.46627727
2024-03-31 08:00:00,0.46627727
2024-03-31 08:30:00,0.46627727
2024-03-31 09:00:00,0.46627727
2024-03-31 09:30:00,0.46627727
2024-03-31 10:00:00,0.46627727
2024-03-31 10:30:00,0.46627727
2024-03-31 11:00:00,0.46627727
2024-03-31 11:30:00,0.46627727
2024-03-31 12:00:00,0.46627727
2024-03-31 12:30:00,0.46627727
2024-03-31 13:00:00,0.46627727
2024-03-31 13:30:00,0.46627727
2024-03-31 14:00:00,0.46627727
2024-03-31 14:30:00,0.46627727
2024-03-31 15:00:00,0.46627727
2024-03-31 15:30:00,0.45916906
2024-03-31 16:00:00,0.46627727
2024-03-31 16:30:00,0.576372
2024-03-31 17:00:00,0.46627727
2024-03-31 17:30:00,0.46627727
2024-03-31 18:00:00,0.46627727
2024-03-31 18:30:00,0.46627727
2024-03-31 19:00:00,0.46627727
2024-03-31 19:30:00,0.46627727
2024-03-31 20:00:00,0.46627727
2024-03-31 20:30:00,0.46627727
2024-03-31 21:00:00,0.89513993
2024-03-31 21:30:00,0.46627727
2024-03-31 22:00:00,0.46627727
2024-03-31 22:30:00,0.46627727
2024-03-31 23:00:00,0.46627727
2024-03-31 23:30:00,0.46627727
2024-04-01 00:00:00,0.46627727
2024-04-01 00:30:00,0.3031739
2024-04-01 01:00:00,0.46627727
2024-04-01 01:30:00,0.46627727
2024-04-01 02:00:00,0.39574608
2024-04-01 02:30:00,0.46627727
2024-04-01 03:00:00,0.46627727
2024-04-01 03:30:00,0.46627727
2024-04-01 04:00:00,0.46627727
2024-04-01 04:30:00,0.46627727
2024-04-01 05:00:00,0.46627727
2024-04-01 05:30:00,0.46627727
2024-04-01 06:00:00,0.46627727
2024-04-01 06:30:00,0.46627727
2024-04-01 07:00:00,0.46627727
2024-04-01 07:30:00,0.42373815
2024-04-01 08:00:00,0.46627727
2024-04-01 08:30:00,0.46627727
2024-04-01 09:00:00,0.46627727
2024-04-01 09:30:00,0.46627727
2024-04-01 10:00:00,0.5383789
2024-04-01 10:30:00,0.57349294
2024-04-01 11:00:00,0.46627727
2024-04-01 11:30:00,0.46627727
2024-04-01 12:00:00,0.28708398
2024-04-01 12:30:00,0.46627727
2024-04-01 13:00:00,0.46627727
2024-04-01 13:30:00,0.46627727
2024-04-01 14:00:00,0.46627727
2024-04-01 14:30:00,0.46627727
2024-04-01 15:00:00,0.8838991
2024-04-01 15:30:00,0.5187991
2024-04-01 16:00:00,0.46627727
2024-04-01 16:30:00,0.46627727
2024-04-01 17:00:00,0.5646352
2024-04-01 17:30:00,0.49414536
2024-04-01 18:00:00,0.7567041
2024-04-01 18:30:00,0.46627727
2024-04-01 19:00:00,0.6318382
2024-04-01 19:30:00,0.31573725
2024-04-01 20:00:00,0.46627727
2024-04-01 20:30:00,0.46627727
2024-04-01 21:00:00,0.46627727
2024-04-01 21:30:00,0.46627727
2024-04-01 22:00:00,0.46627727
2024-04-01 22:30:00,0.27981043
2024-04-01 23:00:00,0.46627727
2024-04-01 23:30:00,0.81061274
2024-04-02 00:00:00,0.78563297
2024-04-02 00:30:00,0.5088164
2024-04-02 01:00:00,0.46627727
2024-04-02 01:30:00,0.46627727
2024-04-02 02:00:00,0.46627727
2024-04-02 02:30:00,0.46627727
2024-04-02 03:00:00,0.46627727
2024-04-02 03:30:00,0.46627727
2024-04-02 04:00:00,0.4808335
2024-04-02 04:30:00,0.46627727
2024-04-02 05:00:00,0.46627727
2024-04-02 05:30:00,0.46627727
2024-04-02 06:00:00,0.3451069
2024-04-02 06:30:00,0.46627727
2024-04-02 07:00:00,0.46627727
2024-04-02 07:30:00,0.46627727
2024-04-02 08:00:00,0.46627727
2024-04-02 08:30:00,0.46627727
2024-04-02 09:00:00,0.46627727
2024-04-02 09:30:00,0.46627727
2024-04-02 10:00:00,0.46627727
2024-04-02 10:30:00,0.7384285
2024-04-02 11:00:00,0.46627727
2024-04-02 11:30:00,0.46627727
2024-04-02 12:00:00,0.46627727
2024-04-02 12:30:00,0.64161336
2024-04-02 13:00:00,0.46627727
2024-04-02 13:30:00,0.46627727
2024-04-02 14:00:00,0.46627727
2024-04-02 14:30:00,0.39593893
2024-04-02 15:00:00,0.5206451
2024-04-02 15:30:00,0.46627727
2024-04-02 16:00:00,0.46627727
2024-04-02 16:30:00,0.59753144
2024-04-02 17:00:00,0.4661871
2024-04-02 17:30:00,0.4552874
2024-04-02 18:00:00,0.46627727
2024-04-02 18:30:00,0.46627727
2024-04-02 19:00:00,0.46627727
2024-04-02 19:30:00,0.42550144
2024-04-02 20:00:00,0.46627727
2024-04-02 20:30:00,0.46627727
2024-04-02 21:00:00,0.46627727
2024-04-02 21:30:00,0.46627727
2024-04-02 22:00:00,0.46627727
2024-04-02 22:30:00,0.66530746
2024-04-02 23:00:00,0.32560062
2024-04-02 23:30:00,0.45206082
2024-04-03 00:00:00,0.45367718
2024-04-03 00:30:00,0.3031739
2024-04-03 01:00:00,0.46627727
2024-04-03 01:30:00,0.46627727
2024-04-03 02:00:00,0.4393689
2024-04-03 02:30:00,0.78912276
2024-04-03 03:00:00,0.26647562
2024-04-03 03:30:00,0.46627727
2024-04-03 04:00:00,0.4638252
2024-04-03 04:30:00,0.35662332
2024-04-03 05:00:00,0.46627727
2024-04-03 05:30:00,0.26956138
2024-04-03 06:00:00,0.46627727
2024-04-03 06:30:00,0.46627727
2024-04-03 07:00:00,0.46627727
2024-04-03 07:30:00,0.93767905
2024-04-03 08:00:00,0.46627727
2024-04-03 08:30:00,0.46627727
2024-04-03 09:00:00,0.46627727
2024-04-03 09:30:00,0.46627727
2024-04-03 10:00:00,0.46627727
2024-04-03 10:30:00,0.46627727
2024-04-03 11:00:00,0.46627727
2024-04-03 11:30:00,0.46627727
2024-04-03 12:00:00,0.46627727
2024-04-03 12:30:00,0.46627727
2024-04-03 13:00:00,0.46627727
2024-04-03 13:30:00,0.46627727
2024-04-03 14:00:00,0.46627727
2024-04-03 14:30:00,0.46627727
2024-04-03 15:00:00,0.46627727
2024-04-03 15:30:00,0.46627727
2024-04-03 16:00:00,0.46627727
2024-04-03 16:30:00,0.51239806
2024-04-03 17:00:00,0.31686687
2024-04-03 17:30:00,0.46627727
2024-04-03 18:00:00,0.56902504
2024-04-03 18:30:00,0.42306116
2024-04-03 19:00:00,0.46627727
2024-04-03 19:30:00,0.46627727
2024-04-03 20:00:00,0.3048545
2024-04-03 20:30:00,0.42631695
2024-04-03 21:00:00,0.44276688
2024-04-03 21:30:00,0.31970465
2024-04-03 22:00:00,0.3355466
2024-04-03 22:30:00,0.43283007
2024-04-03 23:00:00,0.115329504
2024-04-03 23:30:00,0.55586016
2024-04-04 00:00:00,0.6714789
2024-04-04 00:30:00,0.29094115
2024-04-04 01:00:00,0.46627727
2024-04-04 01:30:00,0.6594666
2024-04-04 02:00:00,0.62938064
2024-04-04 02:30:00,0.46627727
2024-04-04 03:00:00,0.98324883
2024-04-04 03:30:00,0.46627727
2024-04-04 04:00:00,0.8713356
2024-04-04 04:30:00,0.46627727
2024-04-04 05:00:00,0.46627727
2024-04-04 05:30:00,0.46627727
2024-04-04 06:00:00,0.46627727
2024-04-04 06:30:00,0.46627727
2024-04-04 07:00:00,0.46627727
2024-04-04 07:30:00,0.46627727
2024-04-04 08:00:00,0.46627727
2024-04-04 08:30:00,0.46627727
2024-04-04 09:00:00,0.62938064
2024-04-04 09:30:00,0.46627727
2024-04-04 10:00:00,0.46627727
2024-04-04 10:30:00,0.46627727
2024-04-04 11:00:00,0.16745648
2024-04-04 11:30:00,0.46627727
2024-04-04 12:00:00,0.46627727
2024-04-04 12:30:00,0.7965616
2024-04-04 13:00:00,0.3431232
2024-04-04 13:30:00,0.46627727
2024-04-04 14:00:00,0.46627727
2024-04-04 14:30:00,0.46627727
2024-04-04 15:00:00,0.46627727
2024-04-04 15:30:00,0.46627727
2024-04-04 16:00:00,0.33053228
2024-04-04 16:30:00,0.46627727
2024-04-04 17:00:00,0.33267576
2024-04-04 17:30:00,0.46627727
2024-04-04 18:00:00,0.7476306
2024-04-04 18:30:00,0.3843674
2024-04-04 19:00:00,0.5639299
2024-04-04 19:30:00,0.46627727
2024-04-04 20:00:00,0.52720684
2024-04-04 20:30:00,0.48049372
2024-04-04 21:00:00,0.3944236
2024-04-04 21:30:00,0.85728455
2024-04-04 22:00:00,0.46627727
2024-04-04 22:30:00,0.36051723
2024-04-04 23:00:00,0.21346706
2024-04-04 23:30:00,0.46627727
2024-04-05 00:00:00,0.46627727
2024-04-05 00:30:00,0.27892882
2024-04-05 01:00:00,0.46627727
2024-04-05 01:30:00,0.46627727
2024-04-05 02:00:00,0.46627727
2024-04-05 02:30:00,0.46627727
2024-04-05 03:00:00,0.46627727
2024-04-05 03:30:00,0.683326
2024-04-05 04:00:00,0.7384285
2024-04-05 04:30:00,0.46627727
2024-04-05 05:00:00,0.6821872
2024-04-05 05:30:00,0.46627727
2024-04-05 06:00:00,0.04105133
2024-04-05 06:30:00,0.46627727
2024-04-05 07:00:00,0.46627727
2024-04-05 07:30:00,0.46627727
2024-04-05 08:00:00,0.46627727
2024-04-05 08:30:00,0.46627727
2024-04-05 09:00:00,0.46627727
2024-04-05 09:30:00,0.46627727
2024-04-05 10:00:00,0.46627727
2024-04-05 10:30:00,0.46627727
2024-04-05 11:00:00,0.46627727
2024-04-05 11:30:00,0.46627727
2024-04-05 12:00:00,0.46627727
2024-04-05 12:30:00,0.46627727
2024-04-05 13:00:00,0.39741018
2024-04-05 13:30:00,0.46627727
2024-04-05 14:00:00,0.46627727
2024-04-05 14:30:00,0.46627727
2024-04-05 15:00:00,0.5152909
2024-04-05 15:30:00,0.46627727
2024-04-05 16:00:00,0.39135623
2024-04-05 16:30:00,0.46732423
2024-04-05 17:00:00,0.44741386
2024-04-05 17:30:00,0.5364044
2024-04-05 18:00:00,0.46627727
2024-04-05 18:30:00,0.39059794
2024-04-05 19:00:00,0.41275898
2024-04-05 19:30:00,0.4707626
2024-04-05 20:00:00,0.30113512
2024-04-05 20:30:00,0.38472557
2024-04-05 21:00:00,0.66886157
2024-04-05 21:30:00,0.48049372
2024-04-05 22:00:00,0.7384285
2024-04-05 22:30:00,0.37249282
2024-04-05 23:00:00,0.5925906
2024-04-05 23:30:00,0.46991405
2024-04-06 00:00:00,0.5657924
2024-04-06 00:30:00,0.46627727
2024-04-06 01:00:00,0.64161336
2024-04-06 01:30:00,0.5753113
2024-04-06 02:00:00,0.46627727
2024-04-06 02:30:00,0.54375136
2024-04-06 03:00:00,0.6536257
2024-04-06 03:30:00,0.46627727
2024-04-06 04:00:00,0.60584575
2024-04-06 04:30:00,0.59703547
2024-04-06 05:00:00,0.46627727
2024-04-06 05:30:00,0.46627727
2024-04-06 06:00:00,0.34675997
2024-04-06 06:30:00,0.46627727
2024-04-06 07:00:00,0.54110646
2024-04-06 07:30:00,0.46627727
2024-04-06 08:00:00,0.21346706
2024-04-06 08:30:00,0.46627727
2024-04-06 09:00:00,0.7082323
2024-04-06 09:30:00,0.46627727
2024-04-06 10:00:00,0.46627727
2024-04-06 10:30:00,0.46627727
2024-04-06 11:00:00,0.46627727
2024-04-06 11:30:00,0.46627727
2024-04-06 12:00:00,0.46627727
2024-04-06 12:30:00,0.46627727
2024-04-06 13:00:00,0.46627727
2024-04-06 13:30:00,0.46627727
2024-04-06 14:00:00,0.46627727
2024-04-06 14:30:00,0.46627727
2024-04-06 15:00:00,0.46627727
2024-04-06 15:30:00,0.43798214
2024-04-06 16:00:00,0.46627727
2024-04-06 16:30:00,0.46627727
2024-04-06 17:00:00,0.6159356
2024-04-06 17:30:00,0.46175888
2024-04-06 18:00:00,0.46627727
2024-04-06 18:30:00,0.46627727
2024-04-06 19:00:00,0.5777496
2024-04-06 19:30:00,0.46627727
2024-04-06 20:00:00,0.46627727
2024-04-06 20:30:00,0.87960106
2024-04-06 21:00:00,0.46627727
2024-04-06 21:30:00,0.46627727
2024-04-06 22:00:00,0.46627727
2024-04-06 22:30:00,0.46627727
2024-04-06 23:00:00,0.46627727
2024-04-06 23:30:00,0.46627727
2024-04-07 00:00:00,0.46627727
2024-04-07 00:30:00,0.46627727
2024-04-07 01:00:00,0.46627727
2024-04-07 01:30:00,0.46627727
2024-04-07 02:00:00,0.38191536
2024-04-07 02:30:00,0.46627727
2024-04-07 03:00:00,0.81061274
2024-04-07 03:30:00,0.46627727
2024-04-07 04:00:00,0.46627727
2024-04-07 04:30:00,0.46627727
2024-04-07 05:00:00,0.46627727
2024-04-07 05:30:00,0.46627727
2024-04-07 06:00:00,0.46627727
2024-04-07 06:30:00,0.46627727
2024-04-07 07:00:00,0.46627727
2024-04-07 07:30:00,0.46627727
2024-04-07 08:00:00,0.46627727
2024-04-07 08:30:00,0.6168173
2024-04-07 09:00:00,0.46627727
2024-04-07 09:30:00,0.46627727
2024-04-07 10:00:00,0.46627727
2024-04-07 10:30:00,0.46627727
2024-04-07 11:00:00,0.46627727
2024-04-07 11:30:00,0.46627727
2024-04-07 12:00:00,0.46627727
2024-04-07 12:30:00,0.7190875
2024-04-07 13:00:00,0.46627727
2024-04-07 13:30:00,0.46627727
2024-04-07 14:00:00,0.46627727
2024-04-07 14:30:00,0.46627727
2024-04-07 15:00:00,0.21556094
2024-04-07 15:30:00,0.46627727
2024-04-07 16:00:00,0.46627727
2024-04-07 16:30:00,0.42473
2024-04-07 17:00:00,0.31573725
2024-04-07 17:30:00,0.46627727
2024-04-07 18:00:00,0.46627727
2024-04-07 18:30:00,0.46627727
2024-04-07 19:00:00,0.46627727
2024-04-07 19:30:00,0.46627727
2024-04-07 20:00:00,0.46627727
2024-04-07 20:30:00,0.46627727
2024-04-07 21:00:00,-0.030857384
2024-04-07 21:30:00,0.46627727
2024-04-07 22:00:00,0.46627727
2024-04-07 22:30:00,0.46627727
2024-04-07 23:00:00,0.46627727
2024-04-07 23:30:00,0.46627727
2024-04-08 00:00:00,0.92203
2024-04-08 00:30:00,0.46627727
2024-04-08 01:00:00,0.46627727
2024-04-08 01:30:00,0.46627727
2024-04-08 02:00:00,0.46627727
2024-04-08 02:30:00,0.46627727
2024-04-08 03:00:00,0.46627727
2024-04-08 03:30:00,0.46627727
2024-04-08 04:00:00,0.5909742
2024-04-08 04:30:00,0.46627727
2024-04-08 05:00:00,0.9194952
2024-04-08 05:30:00,0.46627727
2024-04-08 06:00:00,0.46627727
2024-04-08 06:30:00,0.7565021
2024-04-08 07:00:00,0.46627727
2024-04-08 07:30:00,0.46627727
2024-04-08 08:00:00,0.46627727
2024-04-08 08:30:00,0.46627727
2024-04-08 09:00:00,0.92203
2024-04-08 09:30:00,0.46627727
2024-04-08 10:00:00,0.46627727
2024-04-08 10:30:00,0.46627727
2024-04-08 11:00:00,0.46627727
2024-04-08 11:30:00,0.46627727
2024-04-08 12:00:00,0.46627727
2024-04-08 12:30:00,0.46627727
2024-04-08 13:00:00,0.46627727
2024-04-08 13:30:00,0.46627727
2024-04-08 14:00:00,0.5569943
2024-04-08 14:30:00,0.46627727
2024-04-08 15:00:00,0.5505428
2024-04-08 15:30:00,0.46627727
2024-04-08 16:00:00,0.5067225
2024-04-08 16:30:00,0.46627727
2024-04-08 17:00:00,0.61309785
2024-04-08 17:30:00,0.50174123
2024-04-08 18:00:00,0.47087833
2024-04-08 18:30:00,0.4974515
2024-04-08 19:00:00,0.43815663
2024-04-08 19:30:00,0.57875985
2024-04-08 20:00:00,0.24619792
2024-04-08 20:30:00,0.56641227
2024-04-08 21:00:00,0.3950573
2024-04-08 21:30:00,0.38472557
2024-04-08 22:00:00,0.6368195
2024-04-08 22:30:00,0.48280802
2024-04-08 23:00:00,0.8692969
2024-04-08 23:30:00,0.7868774
2024-04-09 00:00:00,0.46627727
2024-04-09 00:30:00,0.2633899
2024-04-09 01:00:00,0.7814084
2024-04-09 01:30:00,0.30760965
2024-04-09 02:00:00,0.63500106
2024-04-09 02:30:00,0.91679525
2024-04-09 03:00:00,0.9770498
2024-04-09 03:30:00,0.46627727
2024-04-09 04:00:00,0.4522399
2024-04-09 04:30:00,0.60530084
2024-04-09 05:00:00,0.018514425
2024-04-09 05:30:00,0.46627727
2024-04-09 06:00:00,-0.058518857
2024-04-09 06:30:00,0.8357395
2024-04-09 07:00:00,0.12712145
2024-04-09 07:30:00,0.46627727
2024-04-09 08:00:00,0.46627727
2024-04-09 08:30:00,0.46627727
2024-04-09 09:00:00,0.6168173
2024-04-09 09:30:00,0.46627727
2024-04-09 10:00:00,0.46627727
2024-04-09 10:30:00,0.27475476
2024-04-09 11:00:00,0.59111196
2024-04-09 11:30:00,0.46627727
2024-04-09 12:00:00,0.61450297
2024-04-09 12:30:00,0.46627727
2024-04-09 13:00:00,0.5335102
2024-04-09 13:30:00,0.46627727
2024-04-09 14:00:00,0.46627727
2024-04-09 14:30:00,0.3786092
2024-04-09 15:00:00,0.3572074
2024-04-09 15:30:00,0.46627727
2024-04-09 16:00:00,0.18571377
2024-04-09 16:30:00,0.69539344
2024-04-09 17:00:00,0.5537433
2024-04-09 17:30:00,0.39429504
2024-04-09 18:00:00,0.5539453
2024-04-09 18:30:00,0.41627175
2024-04-09 19:00:00,0.46627727
2024-04-09 19:30:00,0.26157153
2024-04-09 20:00:00,0.46627727
2024-04-09 20:30:00,0.46627727
2024-04-09 21:00:00,0.46627727
2024-04-09 21:30:00,0.46627727
2024-04-09 22:00:00,0.46627727
2024-04-09 22:30:00,0.46627727
2024-04-09 23:00:00,0.46627727
2024-04-09 23:30:00,0.46627727
2024-04-10 00:00:00,0.46627727
2024-04-10 00:30:00,0.46627727
2024-04-10 01:00:00,0.46627727
2024-04-10 01:30:00,0.46627727
2024-04-10 02:00:00,0.46627727
2024-04-10 02:30:00,0.46627727
2024-04-10 03:00:00,0.46627727
2024-04-10 03:30:00,0.46627727
2024-04-10 04:00:00,0.15222979
2024-04-10 04:30:00,0.05686578
2024-04-10 05:00:00,0.46627727
2024-04-10 05:30:00,0.46627727
2024-04-10 06:00:00,0.46627727
2024-04-10 06:30:00,0.46627727
2024-04-10 07:00:00,0.62938064
2024-04-10 07:30:00,0.46627727
2024-04-10 08:00:00,0.46627727
2024-04-10 08:30:00,0.46627727
2024-04-10 09:00:00,0.46627727
2024-04-10 09:30:00,0.46627727
2024-04-10 10:00:00,0.46627727
2024-04-10 10:30:00,0.46627727
2024-04-10 11:00:00,0.46627727
2024-04-10 11:30:00,0.46627727
2024-04-10 12:00:00,0.46627727
2024-04-10 12:30:00,0.46627727
2024-04-10 13:00:00,0.46627727
2024-04-10 13:30:00,0.48045698
2024-04-10 14:00:00,0.46627727
2024-04-10 14:30:00,0.46627727
2024-04-10 15:00:00,0.5471677
2024-04-10 15:30:00,0.46627727
2024-04-10 16:00:00,0.69416285
2024-04-10 16:30:00,0.46627727
2024-04-10 17:00:00,0.51245314
2024-04-10 17:30:00,0.46627727
2024-04-10 18:00:00,0.46627727
2024-04-10 18:30:00,0.46272317
2024-04-10 19:00:00,0.46627727
2024-04-10 19:30:00,0.50835353
2024-04-10 20:00:00,0.53194565
2024-04-10 20:30:00,0.3519947
2024-04-10 21:00:00,0.46627727
2024-04-10 21:30:00,0.46627727
2024-04-10 22:00:00,0.4378444
2024-04-10 22:30:00,0.46627727
2024-04-10 23:00:00,0.6069539
2024-04-10 23:30:00,0.6439139
2024-04-11 00:00:00,0.17605245
2024-04-11 00:30:00,0.50735617
2024-04-11 01:00:00,0.46627727
2024-04-11 01:30:00,0.46627727
2024-04-11 02:00:00,0.46627727
2024-04-11 02:30:00,0.46627727
2024-04-11 03:00:00,0.46627727
2024-04-11 03:30:00,0.86213356
2024-04-11 04:00:00,0.46627727
2024-04-11 04:30:00,0.19412607
2024-04-11 05:00:00,0.46627727
2024-04-11 05:30:00,0.46627727
2024-04-11 06:00:00,0.46627727
2024-04-11 06:30:00,0.46627727
2024-04-11 07:00:00,0.46627727
2024-04-11 07:30:00,0.46627727
2024-04-11 08:00:00,0.5643046
2024-04-11 08:30:00,0.13599294
2024-04-11 09:00:00,0.46627727
2024-04-11 09:30:00,0.46627727
2024-04-11 10:00:00,0.46627727
2024-04-11 10:30:00,0.46627727
2024-04-11 11:00:00,0.46627727
2024-04-11 11:30:00,0.46627727
2024-04-11 12:00:00,0.46627727
2024-04-11 12:30:00,0.8357395
2024-04-11 13:00:00,0.46627727
2024-04-11 13:30:00,0.29415548
2024-04-11 14:00:00,0.45206082
2024-04-11 14:30:00,0.46627727
2024-04-11 15:00:00,0.46627727
2024-04-11 15:30:00,0.46627727
2024-04-11 16:00:00,0.5724047
2024-04-11 16:30:00,0.46627727
2024-04-11 17:00:00,0.46627727
2024-04-11 17:30:00,0.46627727
2024-04-11 18:00:00,0.46627727
2024-04-11 18:30:00,0.46627727
2024-04-11 19:00:00,0.56134284
2024-04-11 19:30:00,0.41960546
2024-04-11 20:00:00,0.37085813
2024-04-11 20:30:00,0.46627727
2024-04-11 21:00:00,0.4378444
2024-04-11 21:30:00,0.46627727
2024-04-11 22:00:00,0.6243112
2024-04-11 22:30:00,0.46627727
2024-04-11 23:00:00,0.69776285
2024-04-11 23:30:00,0.46627727
2024-04-12 00:00:00,0.46627727
2024-04-12 00:30:00,0.50281024
2024-04-12 01:00:00,0.46627727
2024-04-12 01:30:00,0.46627727
2024-04-12 02:00:00,0.46627727
2024-04-12 02:30:00,0.6536257
2024-04-12 03:00:00,0.46627727
2024-04-12 03:30:00,0.46627727
2024-04-12 04:00:00,-0.041602403
2024-04-12 04:30:00,0.72265077
2024-04-12 05:00:00,0.46627727
2024-04-12 05:30:00,0.46627727
2024-04-12 06:00:00,0.3031739
2024-04-12 06:30:00,0.46627727
2024-04-12 07:00:00,0.46627727
2024-04-12 07:30:00,0.46627727
2024-04-12 08:00:00,0.46627727
2024-04-12 08:30:00,0.46627727
2024-04-12 09:00:00,0.46627727
2024-04-12 09:30:00,0.46627727
2024-04-12 10:00:00,0.46627727
2024-04-12 10:30:00,0.46627727
2024-04-12 11:00:00,0.46627727
2024-04-12 11:30:00,0.46627727
2024-04-12 12:00:00,0.46627727
2024-04-12 12:30:00,0.46627727
2024-04-12 13:00:00,0.46627727
2024-04-12 13:30:00,0.46627727
2024-04-12 14:00:00,0.46627727
2024-04-12 14:30:00,0.46627727
2024-04-12 15:00:00,0.46627727
2024-04-12 15:30:00,0.46627727
2024-04-12 16:00:00,0.5584086
2024-04-12 16:30:00,0.46627727
2024-04-12 17:00:00,0.6152634
2024-04-12 17:30:00,0.54375136
2024-04-12 18:00:00,0.5413048
2024-04-12 18:30:00,0.29410952
2024-04-12 19:00:00,0.58943135
2024-04-12 19:30:00,0.6069539
2024-04-12 20:00:00,0.46627727
2024-04-12 20:30:00,0.46627727
2024-04-12 21:00:00,0.46627727
2024-04-12 21:30:00,-0.05185142
2024-04-12 22:00:00,0.091139495
2024-04-12 22:30:00,0.38191536
2024-04-12 23:00:00,0.61347437
2024-04-12 23:30:00,0.9749284
2024-04-13 00:00:00,0.24482036
2024-04-13 00:30:00,0.46627727
2024-04-13 01:00:00,0.46627727
2024-04-13 01:30:00,0.62938064
2024-04-13 02:00:00,0.46627727
2024-04-13 02:30:00,0.5643046
2024-04-13 03:00:00,0.9283668
2024-04-13 03:30:00,0.46627727
2024-04-13 04:00:00,0.86362135
2024-04-13 04:30:00,0.46627727
2024-04-13 05:00:00,0.77341855
2024-04-13 05:30:00,0.46627727
2024-04-13 06:00:00,0.46627727
2024-04-13 06:30:00,0.87987655
2024-04-13 07:00:00,0.7140732
2024-04-13 07:30:00,0.46627727
2024-04-13 08:00:00,0.46627727
2024-04-13 08:30:00,0.46627727
2024-04-13 09:00:00,0.46627727
2024-04-13 09:30:00,0.5206451
2024-04-13 10:00:00,0.46627727
2024-04-13 10:30:00,0.46627727
2024-04-13 11:00:00,0.46627727
2024-04-13 11:30:00,0.46627727
2024-04-13 12:00:00,0.46627727
2024-04-13 12:30:00,0.46627727
2024-04-13 13:00:00,0.46627727
2024-04-13 13:30:00,0.46627727
2024-04-13 14:00:00,0.46627727
2024-04-13 14:30:00,0.121941805
2024-04-13 15:00:00,0.7190875
2024-04-13 15:30:00,0.46627727
2024-04-13 16:00:00,0.46627727
2024-04-13 16:30:00,0.46627727
2024-04-13 17:00:00,0.46627727
2024-04-13 17:30:00,0.46627727
2024-04-13 18:00:00,0.16745648
2024-04-13 18:30:00,0.46627727
2024-04-13 19:00:00,0.46627727
2024-04-13 19:30:00,0.46627727
2024-04-13 20:00:00,0.46627727
2024-04-13 20:30:00,0.46627727
2024-04-13 21:00:00,0.46627727
2024-04-13 21:30:00,0.46627727
2024-04-13 22:00:00,0.409687
2024-04-13 22:30:00,0.46627727
2024-04-13 23:00:00,0.46627727
2024-04-13 23:30:00,0.159136
2024-04-14 00:00:00,0.46627727
2024-04-14 00:30:00,0.46627727
2024-04-14 01:00:00,0.46627727
2024-04-14 01:30:00,0.46627727
2024-04-14 02:00:00,0.81722504
2024-04-14 02:30:00,0.46627727
2024-04-14 03:00:00,0.46627727
2024-04-14 03:30:00,0.46627727
2024-04-14 04:00:00,0.24482036
2024-04-14 04:30:00,0.46627727
2024-04-14 05:00:00,0.46627727
2024-04-14 05:30:00,0.46627727
2024-04-14 06:00:00,0.46627727
2024-04-14 06:30:00,0.46627727
2024-04-14 07:00:00,0.46627727
2024-04-14 07:30:00,0.46627727
2024-04-14 08:00:00,0.46627727
2024-04-14 08:30:00,0.46627727
2024-04-14 09:00:00,0.46627727
2024-04-14 09:30:00,0.46627727
2024-04-14 10:00:00,0.46627727
2024-04-14 10:30:00,0.46627727
2024-04-14 11:00:00,0.46627727
2024-04-14 11:30:00,0.99145913
2024-04-14 12:00:00,0.46627727
2024-04-14 12:30:00,0.46627727
2024-04-14 13:00:00,0.46627727
2024-04-14 13:30:00,0.46627727
2024-04-14 14:00:00,0.46627727
2024-04-14 14:30:00,0.46627727
2024-04-14 15:00:00,0.46627727
2024-04-14 15:30:00,0.46627727
2024-04-14 16:00:00,0.46627727
2024-04-14 16:30:00,0.46627727
2024-04-14 17:00:00,0.46627727
2024-04-14 17:30:00,0.46627727
2024-04-14 18:00:00,0.46627727
2024-04-14 18:30:00,0.46627727
2024-04-14 19:00:00,0.46627727
2024-04-14 19:30:00,0.46627727
2024-04-14 20:00:00,0.46627727
2024-04-14 20:30:00,0.46627727
2024-04-14 21:00:00,0.7190875
2024-04-14 21:30:00,0.46627727
2024-04-14 22:00:00,0.46627727
2024-04-14 22:30:00,0.84692526
2024-04-14 23:00:00,0.46627727
2024-04-14 23:30:00,0.46627727
2024-04-15 00:00:00,0.46627727
2024-04-15 00:30:00,0.46627727
2024-04-15 01:00:00,0.46627727
2024-04-15 01:30:00,0.46627727
2024-04-15 02:00:00,0.46627727
2024-04-15 02:30:00,0.46627727
2024-04-15 03:00:00,0.46627727
2024-04-15 03:30:00,0.46627727
2024-04-15 04:00:00,0.46627727
2024-04-15 04:30:00,0.46627727
2024-04-15 05:00:00,0.46627727
2024-04-15 05:30:00,0.46627727
2024-04-15 06:00:00,0.46627727
2024-04-15 06:30:00,0.46627727
2024-04-15 07:00:00,0.46627727
2024-04-15 07:30:00,0.46627727
2024-04-15 08:00:00,0.46627727
2024-04-15 08:30:00,0.46627727
2024-04-15 09:00:00,0.46627727
2024-04-15 09:30:00,0.46627727
2024-04-15 10:00:00,0.46627727
2024-04-15 10:30:00,0.46627727
2024-04-15 11:00:00,0.46627727
2024-04-15 11:30:00,0.46627727
2024-04-15 12:00:00,0.46627727
2024-04-15 12:30:00,0.46627727
2024-04-15 13:00:00,0.46627727
2024-04-15 13:30:00,0.46627727
2024-04-15 14:00:00,0.46627727
2024-04-15 14:30:00,0.31661892
2024-04-15 15:00:00,0.46627727
2024-04-15 15:30:00,0.46627727
2024-04-15 16:00:00,0.46627727
2024-04-15 16:30:00,0.56301886
2024-04-15 17:00:00,0.46627727
2024-04-15 17:30:00,0.5769231
2024-04-15 18:00:00,0.46627727
2024-04-15 18:30:00,0.38294393
2024-04-15 19:00:00,0.4747851
2024-04-15 19:30:00,0.6109397
2024-04-15 20:00:00,0.33276394
2024-04-15 20:30:00,0.5805929
2024-04-15 21:00:00,0.46627727
2024-04-15 21:30:00,0.46627727
2024-04-15 22:00:00,0.46627727
2024-04-15 22:30:00,0.46627727
2024-04-15 23:00:00,0.3479722
2024-04-15 23:30:00,0.19412607
2024-04-16 00:00:00,0.46627727
2024-04-16 00:30:00,0.46627727
2024-04-16 01:00:00,0.46627727
2024-04-16 01:30:00,0.46627727
2024-04-16 02:00:00,0.6509119
2024-04-16 02:30:00,0.46627727
2024-04-16 03:00:00,0.46627727
2024-04-16 03:30:00,0.46627727
2024-04-16 04:00:00,0.3504243
2024-04-16 04:30:00,0.7540914
2024-04-16 05:00:00,0.06573728
2024-04-16 05:30:00,0.46627727
2024-04-16 06:00:00,0.46627727
2024-04-16 06:30:00,0.2236059
2024-04-16 07:00:00,0.46627727
2024-04-16 07:30:00,0.62938064
2024-04-16 08:00:00,0.46627727
2024-04-16 08:30:00,0.46627727
2024-04-16 09:00:00,0.46627727
2024-04-16 09:30:00,0.46627727
2024-04-16 10:00:00,0.46627727
2024-04-16 10:30:00,0.42911983
2024-04-16 11:00:00,0.46627727
2024-04-16 11:30:00,0.46627727
2024-04-16 12:00:00,0.46627727
2024-04-16 12:30:00,0.46627727
2024-04-16 13:00:00,0.46627727
2024-04-16 13:30:00,0.46627727
2024-04-16 14:00:00,0.46627727
2024-04-16 14:30:00,0.25947762
2024-04-16 15:00:00,0.4065131
2024-04-16 15:30:00,0.46627727
2024-04-16 16:00:00,0.46627727
2024-04-16 16:30:00,0.61457646
2024-04-16 17:00:00,0.7162405
2024-04-16 17:30:00,0.46627727
2024-04-16 18:00:00,0.46627727
2024-04-16 18:30:00,0.46627727
2024-04-16 19:00:00,0.4907841
2024-04-16 19:30:00,0.29410952
2024-04-16 20:00:00,0.46627727
2024-04-16 20:30:00,0.52643085
2024-04-16 21:00:00,0.46627727
2024-04-16 21:30:00,0.4729309
2024-04-16 22:00:00,0.52852106
2024-04-16 22:30:00,0.60915804
2024-04-16 23:00:00,0.30816066
2024-04-16 23:30:00,0.39574608
2024-04-17 00:00:00,0.46627727
2024-04-17 00:30:00,0.08370069
2024-04-17 01:00:00,0.46627727
2024-04-17 01:30:00,0.39841855
2024-04-17 02:00:00,0.46627727
2024-04-17 02:30:00,0.34158033
2024-04-17 03:00:00,0.46627727
2024-04-17 03:30:00,0.7476306
2024-04-17 04:00:00,0.60403347
2024-04-17 04:30:00,0.72895086
2024-04-17 05:00:00,0.46627727
2024-04-17 05:30:00,0.72016203
2024-04-17 06:00:00,0.46627727
2024-04-17 06:30:00,0.46627727
2024-04-17 07:00:00,0.46627727
2024-04-17 07:30:00,0.46627727
2024-04-17 08:00:00,0.46627727
2024-04-17 08:30:00,0.46627727
2024-04-17 09:00:00,0.46627727
2024-04-17 09:30:00,0.46627727
2024-04-17 10:00:00,0.46627727
2024-04-17 10:30:00,0.46627727
2024-04-17 11:00:00,0.46627727
2024-04-17 11:30:00,0.46627727
2024-04-17 12:00:00,0.46627727
2024-04-17 12:30:00,0.46627727
2024-04-17 13:00:00,0.4172636
2024-04-17 13:30:00,0.46627727
2024-04-17 14:00:00,0.46627727
2024-04-17 14:30:00,0.46627727
2024-04-17 15:00:00,0.37249282
2024-04-17 15:30:00,0.37249282
2024-04-17 16:00:00,0.46627727
2024-04-17 16:30:00,0.41938505
2024-04-17 17:00:00,0.32560062
2024-04-17 17:30:00,0.57958174
2024-04-17 18:00:00,0.46627727
2024-04-17 18:30:00,0.46627727
2024-04-17 19:00:00,0.45024246
2024-04-17 19:30:00,0.46627727
2024-04-17 20:00:00,0.5351554
2024-04-17 20:30:00,0.41938505
2024-04-17 21:00:00,0.46627727
2024-04-17 21:30:00,0.04474321
2024-04-17 22:00:00,0.37679082
2024-04-17 22:30:00,0.64576447
2024-04-17 23:00:00,0.3930185
2024-04-17 23:30:00,0.52286756
2024-04-18 00:00:00,0.46627727
2024-04-18 00:30:00,0.409687
2024-04-18 01:00:00,0.46627727
2024-04-18 01:30:00,0.65731764
2024-04-18 02:00:00,0.46627727
2024-04-18 02:30:00,0.46627727
2024-04-18 03:00:00,0.46627727
2024-04-18 03:30:00,0.46627727
2024-04-18 04:00:00,-0.009587854
2024-04-18 04:30:00,0.57325876
2024-04-18 05:00:00,1.0124532
2024-04-18 05:30:00,0.6998016
2024-04-18 06:00:00,0.46627727
2024-04-18 06:30:00,0.46627727
2024-04-18 07:00:00,0.46627727
2024-04-18 07:30:00,0.46627727
2024-04-18 08:00:00,0.46627727
2024-04-18 08:30:00,0.46627727
2024-04-18 09:00:00,0.46627727
2024-04-18 09:30:00,0.46627727
2024-04-18 10:00:00,0.46627727
2024-04-18 10:30:00,0.46627727
2024-04-18 11:00:00,0.46627727
2024-04-18 11:30:00,0.46627727
2024-04-18 12:00:00,0.25589597
2024-04-18 12:30:00,0.46627727
2024-04-18 13:00:00,0.38804093
2024-04-18 13:30:00,0.46627727
2024-04-18 14:00:00,0.46627727
2024-04-18 14:30:00,0.46627727
2024-04-18 15:00:00,0.46627727
2024-04-18 15:30:00,0.46627727
2024-04-18 16:00:00,0.58186394
2024-04-18 16:30:00,0.5302434
2024-04-18 17:00:00,0.51863384
2024-04-18 17:30:00,0.51432663
2024-04-18 18:00:00,0.46627727
2024-04-18 18:30:00,0.5220134
2024-04-18 19:00:00,0.42882594
2024-04-18 19:30:00,0.46627727
2024-04-18 20:00:00,0.57050365
2024-04-18 20:30:00,0.46627727
2024-04-18 21:00:00,0.69748735
2024-04-18 21:30:00,0.3982808
2024-04-18 22:00:00,0.23983358
2024-04-18 22:30:00,0.21856402
2024-04-18 23:00:00,0.6015263
2024-04-18 23:30:00,0.03813091
2024-04-19 00:00:00,0.50154287
2024-04-19 00:30:00,0.46627727
2024-04-19 01:00:00,0.46319154
2024-04-19 01:30:00,0.46627727
2024-04-19 02:00:00,0.46627727
2024-04-19 02:30:00,0.5088164
2024-04-19 03:00:00,0.42373815
2024-04-19 03:30:00,0.46627727
2024-04-19 04:00:00,0.3234516
2024-04-19 04:30:00,0.8878113
2024-04-19 05:00:00,0.32852104
2024-04-19 05:30:00,0.46627727
2024-04-19 06:00:00,0.46627727
2024-04-19 06:30:00,0.46627727
2024-04-19 07:00:00,0.46627727
2024-04-19 07:30:00,0.5643046
2024-04-19 08:00:00,0.7082323
2024-04-19 08:30:00,0.46627727
2024-04-19 09:00:00,0.46627727
2024-04-19 09:30:00,0.46627727
2024-04-19 10:00:00,0.46627727
2024-04-19 10:30:00,0.46627727
2024-04-19 11:00:00,0.46627727
2024-04-19 11:30:00,0.6877342
2024-04-19 12:00:00,0.46627727
2024-04-19 12:30:00,0.46627727
2024-04-19 13:00:00,0.46627727
2024-04-19 13:30:00,0.45221695
2024-04-19 14:00:00,0.49414536
2024-04-19 14:30:00,0.46627727
2024-04-19 15:00:00,0.46627727
2024-04-19 15:30:00,0.46627727
2024-04-19 16:00:00,0.5078429
2024-04-19 16:30:00,0.43101168
2024-04-19 17:00:00,0.46627727
2024-04-19 17:30:00,0.32419243
2024-04-19 18:00:00,0.6203202
2024-04-19 18:30:00,0.51645726
2024-04-19 19:00:00,0.33602875
2024-04-19 19:30:00,0.46627727
2024-04-19 20:00:00,0.6113897
2024-04-19 20:30:00,0.35149878
2024-04-19 21:00:00,0.50090367
2024-04-19 21:30:00,0.46627727
2024-04-19 22:00:00,0.6227224
2024-04-19 22:30:00,0.44768018
2024-04-19 23:00:00,0.46627727
2024-04-19 23:30:00,0.42409632
2024-04-20 00:00:00,0.46627727
2024-04-20 00:30:00,0.46627727
2024-04-20 01:00:00,0.46627727
2024-04-20 01:30:00,0.46627727
2024-04-20 02:00:00,0.46627727
2024-04-20 02:30:00,0.7190875
2024-04-20 03:00:00,0.70262563
2024-04-20 03:30:00,0.46627727
2024-04-20 04:00:00,0.81722504
2024-04-20 04:30:00,0.1947873
2024-04-20 05:00:00,0.22669163
2024-04-20 05:30:00,0.4739549
2024-04-20 06:00:00,0.46627727
2024-04-20 06:30:00,0.46627727
2024-04-20 07:00:00,0.21346706
2024-04-20 07:30:00,0.35480493
2024-04-20 08:00:00,0.46627727
2024-04-20 08:30:00,0.2236059
2024-04-20 09:00:00,0.46627727
2024-04-20 09:30:00,0.7814084
2024-04-20 10:00:00,0.46627727
2024-04-20 10:30:00,0.46627727
2024-04-20 11:00:00,0.56094337
2024-04-20 11:30:00,0.46627727
2024-04-20 12:00:00,0.54375136
2024-04-20 12:30:00,0.46627727
2024-04-20 13:00:00,0.5471677
2024-04-20 13:30:00,0.7502755
2024-04-20 14:00:00,0.46627727
2024-04-20 14:30:00,0.41054112
2024-04-20 15:00:00,0.46627727
2024-04-20 15:30:00,0.7101333
2024-04-20 16:00:00,0.091139495
2024-04-20 16:30:00,0.46627727
2024-04-20 17:00:00,0.587613
2024-04-20 17:30:00,0.46627727
2024-04-20 18:00:00,0.46627727
2024-04-20 18:30:00,0.46627727
2024-04-20 19:00:00,0.62337446
2024-04-20 19:30:00,0.6988649
2024-04-20 20:00:00,0.13654396
2024-04-20 20:30:00,0.4378444
2024-04-20 21:00:00,0.9986224
2024-04-20 21:30:00,0.46627727
2024-04-20 22:00:00,0.12882963
2024-04-20 22:30:00,0.46627727
2024-04-20 23:00:00,0.46627727
2024-04-20 23:30:00,0.64814305
2024-04-21 00:00:00,0.5088164
2024-04-21 00:30:00,0.9118911
2024-04-21 01:00:00,0.46627727
2024-04-21 01:30:00,0.46627727
2024-04-21 02:00:00,0.46627727
2024-04-21 02:30:00,0.46627727
2024-04-21 03:00:00,0.46627727
2024-04-21 03:30:00,0.46627727
2024-04-21 04:00:00,0.46627727
2024-04-21 04:30:00,0.46627727
2024-04-21 05:00:00,0.46627727
2024-04-21 05:30:00,0.46627727
2024-04-21 06:00:00,0.5643046
2024-04-21 06:30:00,0.46627727
2024-04-21 07:00:00,0.46627727
2024-04-21 07:30:00,0.46627727
2024-04-21 08:00:00,0.46627727
2024-04-21 08:30:00,0.46627727
2024-04-21 09:00:00,0.46627727
2024-04-21 09:30:00,0.46627727
2024-04-21 10:00:00,0.46627727
2024-04-21 10:30:00,0.46627727
2024-04-21 11:00:00,0.46627727
2024-04-21 11:30:00,0.46627727
2024-04-21 12:00:00,0.46627727
2024-04-21 12:30:00,0.46627727
2024-04-21 13:00:00,0.46627727
2024-04-21 13:30:00,0.46627727
2024-04-21 14:00:00,0.46627727
2024-04-21 14:30:00,0.46627727
2024-04-21 15:00:00,0.46627727
2024-04-21 15:30:00,0.46627727
2024-04-21 16:00:00,0.46627727
2024-04-21 16:30:00,0.46627727
2024-04-21 17:00:00,0.46627727
2024-04-21 17:30:00,0.46627727
2024-04-21 18:00:00,0.46627727
2024-04-21 18:30:00,0.46627727
2024-04-21 19:00:00,0.46627727
2024-04-21 19:30:00,0.46627727
2024-04-21 20:00:00,0.46627727
2024-04-21 20:30:00,0.46627727
2024-04-21 21:00:00,0.46627727
2024-04-21 21:30:00,0.69853425
2024-04-21 22:00:00,0.47120893
2024-04-21 22:30:00,0.46627727
2024-04-21 23:00:00,0.1796341
2024-04-21 23:30:00,0.46627727
2024-04-22 00:00:00,0.46627727
2024-04-22 00:30:00,0.46627727
2024-04-22 01:00:00,0.46627727
2024-04-22 01:30:00,0.46627727
2024-04-22 02:00:00,0.46627727
2024-04-22 02:30:00,0.46627727
2024-04-22 03:00:00,0.46627727
2024-04-22 03:30:00,0.46627727
2024-04-22 04:00:00,0.292732
2024-04-22 04:30:00,0.9269341
2024-04-22 05:00:00,0.3031739
2024-04-22 05:30:00,0.46627727
2024-04-22 06:00:00,0.46627727
2024-04-22 06:30:00,0.46627727
2024-04-22 07:00:00,0.86213356
2024-04-22 07:30:00,0.21346706
2024-04-22 08:00:00,0.82367206
2024-04-22 08:30:00,0.46627727
2024-04-22 09:00:00,0.46627727
2024-04-22 09:30:00,0.46627727
2024-04-22 10:00:00,0.46627727
2024-04-22 10:30:00,0.12196937
2024-04-22 11:00:00,-0.02970025
2024-04-22 11:30:00,0.13599294
2024-04-22 12:00:00,0.27892882
2024-04-22 12:30:00,0.056535125
2024-04-22 13:00:00,0.30095142
2024-04-22 13:30:00,0.46627727
2024-04-22 14:00:00,0.33432516
2024-04-22 14:30:00,0.3349405
2024-04-22 15:00:00,0.5233556
2024-04-22 15:30:00,0.46627727
2024-04-22 16:00:00,0.5436963
2024-04-22 16:30:00,0.40470025
2024-04-22 17:00:00,0.3690434
2024-04-22 17:30:00,0.50063825
2024-04-22 18:00:00,0.6300639
2024-04-22 18:30:00,0.5965258
2024-04-22 19:00:00,0.578094
2024-04-22 19:30:00,0.33583868
2024-04-22 20:00:00,0.5388335
2024-04-22 20:30:00,0.51011133
2024-04-22 21:00:00,0.39859304
2024-04-22 21:30:00,0.46627727
2024-04-22 22:00:00,0.46627727
2024-04-22 22:30:00,0.46627727
2024-04-22 23:00:00,0.37249282
2024-04-22 23:30:00,0.9976306
2024-04-23 00:00:00,0.5918086
2024-04-23 00:30:00,0.7741624
2024-04-23 01:00:00,1.0076593
2024-04-23 01:30:00,0.47707736
2024-04-23 02:00:00,0.46627727
2024-04-23 02:30:00,0.46627727
2024-04-23 03:00:00,0.66263497
2024-04-23 03:30:00,0.3031739
2024-04-23 04:00:00,0.59887224
2024-04-23 04:30:00,0.57928145
2024-04-23 05:00:00,0.53003085
2024-04-23 05:30:00,0.48049372
2024-04-23 06:00:00,0.46627727
2024-04-23 06:30:00,0.46627727
2024-04-23 07:00:00,0.95002204
2024-04-23 07:30:00,0.46627727
2024-04-23 08:00:00,0.46627727
2024-04-23 08:30:00,0.34370178
2024-04-23 09:00:00,0.46627727
2024-04-23 09:30:00,0.46627727
2024-04-23 10:00:00,0.46627727
2024-04-23 10:30:00,0.46627727
2024-04-23 11:00:00,0.46627727
2024-04-23 11:30:00,0.46627727
2024-04-23 12:00:00,0.46627727
2024-04-23 12:30:00,0.46627727
2024-04-23 13:00:00,0.46627727
2024-04-23 13:30:00,0.46627727
2024-04-23 14:00:00,0.47509366
2024-04-23 14:30:00,0.45212972
2024-04-23 15:00:00,0.55372494
2024-04-23 15:30:00,0.46627727
2024-04-23 16:00:00,0.46627727
2024-04-23 16:30:00,0.46627727
2024-04-23 17:00:00,0.46627727
2024-04-23 17:30:00,0.46627727
2024-04-23 18:00:00,0.11345604
2024-04-23 18:30:00,0.4881346
2024-04-23 19:00:00,0.76356626
2024-04-23 19:30:00,0.49283668
2024-04-23 20:00:00,0.3051438
2024-04-23 20:30:00,0.3599662
2024-04-23 21:00:00,0.61259276
2024-04-23 21:30:00,0.46627727
2024-04-23 22:00:00,0.49749833
2024-04-23 22:30:00,0.31573725
2024-04-23 23:00:00,0.9450352
2024-04-23 23:30:00,0.46627727
2024-04-24 00:00:00,0.53356844
2024-04-24 00:30:00,0.7081497
2024-04-24 01:00:00,0.46627727
2024-04-24 01:30:00,0.45296085
2024-04-24 02:00:00,0.8878113
2024-04-24 02:30:00,0.31573725
2024-04-24 03:00:00,0.030636966
2024-04-24 03:30:00,0.46627727
2024-04-24 04:00:00,0.74305713
2024-04-24 04:30:00,0.46627727
2024-04-24 05:00:00,0.46627727
2024-04-24 05:30:00,0.46627727
2024-04-24 06:00:00,0.46627727
2024-04-24 06:30:00,0.69776285
2024-04-24 07:00:00,0.46627727
2024-04-24 07:30:00,0.46627727
2024-04-24 08:00:00,0.46627727
2024-04-24 08:30:00,0.46627727
2024-04-24 09:00:00,0.46627727
2024-04-24 09:30:00,0.46627727
2024-04-24 10:00:00,0.46627727
2024-04-24 10:30:00,0.46627727
2024-04-24 11:00:00,0.46627727
2024-04-24 11:30:00,0.46627727
2024-04-24 12:00:00,0.46627727
2024-04-24 12:30:00,0.46627727
2024-04-24 13:00:00,0.46627727
2024-04-24 13:30:00,0.46627727
2024-04-24 14:00:00,0.46627727
2024-04-24 14:30:00,0.46627727
2024-04-24 15:00:00,0.46627727
2024-04-24 15:30:00,0.46627727
2024-04-24 16:00:00,0.46627727
2024-04-24 16:30:00,0.46627727
2024-04-24 17:00:00,0.40392882
2024-04-24 17:30:00,0.46627727
2024-04-24 18:00:00,0.53233415
2024-04-24 18:30:00,0.46627727
2024-04-24 19:00:00,0.6269929
2024-04-24 19:30:00,0.49889794
2024-04-24 20:00:00,0.46627727
2024-04-24 20:30:00,0.46627727
2024-04-24 21:00:00,0.46627727
2024-04-24 21:30:00,0.46627727
2024-04-24 22:00:00,0.46627727
2024-04-24 22:30:00,0.46627727
2024-04-24 23:00:00,0.46627727
2024-04-24 23:30:00,0.46627727
2024-04-25 00:00:00,0.46627727
2024-04-25 00:30:00,0.46627727
2024-04-25 01:00:00,0.46627727
2024-04-25 01:30:00,0.46627727
2024-04-25 02:00:00,0.5777496
2024-04-25 02:30:00,0.5166272
2024-04-25 03:00:00,0.5219308
2024-04-25 03:30:00,0.3912093
2024-04-25 04:00:00,0.5097972
2024-04-25 04:30:00,0.46627727
2024-04-25 05:00:00,0.3793531
2024-04-25 05:30:00,0.46627727
2024-04-25 06:00:00,0.5643046
2024-04-25 06:30:00,0.46627727
2024-04-25 07:00:00,0.46627727
2024-04-25 07:30:00,0.46627727
2024-04-25 08:00:00,0.919881
2024-04-25 08:30:00,0.46627727
2024-04-25 09:00:00,0.46627727
2024-04-25 09:30:00,0.46627727
2024-04-25 10:00:00,0.46627727
2024-04-25 10:30:00,0.46627727
2024-04-25 11:00:00,0.3048545
2024-04-25 11:30:00,0.59661305
2024-04-25 12:00:00,0.31270665
2024-04-25 12:30:00,0.46627727
2024-04-25 13:00:00,0.5168393
2024-04-25 13:30:00,0.32909042
2024-04-25 14:00:00,0.46627727
2024-04-25 14:30:00,0.46627727
2024-04-25 15:00:00,0.5415473
2024-04-25 15:30:00,0.46627727
2024-04-25 16:00:00,0.6566013
2024-04-25 16:30:00,0.49895304
2024-04-25 17:00:00,0.6224102
2024-04-25 17:30:00,0.46627727
2024-04-25 18:00:00,0.46627727
2024-04-25 18:30:00,0.50391227
2024-04-25 19:00:00,0.46627727
2024-04-25 19:30:00,0.29094115
2024-04-25 20:00:00,0.59387624
2024-04-25 20:30:00,0.46627727
2024-04-25 21:00:00,0.48049372
2024-04-25 21:30:00,0.48049372
2024-04-25 22:00:00,0.46627727
2024-04-25 22:30:00,0.80639744
2024-04-25 23:00:00,0.46627727
2024-04-25 23:30:00,0.46627727
2024-04-26 00:00:00,0.46627727
2024-04-26 00:30:00,0.9415363
2024-04-26 01:00:00,0.29094115
2024-04-26 01:30:00,0.46627727
2024-04-26 02:00:00,0.46627727
2024-04-26 02:30:00,0.85216
2024-04-26 03:00:00,0.46627727
2024-04-26 03:30:00,0.46627727
2024-04-26 04:00:00,0.9910183
2024-04-26 04:30:00,0.17605245
2024-04-26 05:00:00,0.46627727
2024-04-26 05:30:00,0.46627727
2024-04-26 06:00:00,0.9336015
2024-04-26 06:30:00,0.46627727
2024-04-26 07:00:00,0.46627727
2024-04-26 07:30:00,0.46627727
2024-04-26 08:00:00,0.40392882
2024-04-26 08:30:00,0.46627727
2024-04-26 09:00:00,0.46627727
2024-04-26 09:30:00,0.46627727
2024-04-26 10:00:00,0.46627727
2024-04-26 10:30:00,0.46627727
2024-04-26 11:00:00,0.46627727
2024-04-26 11:30:00,0.55063915
2024-04-26 12:00:00,0.48049372
2024-04-26 12:30:00,0.46627727
2024-04-26 13:00:00,0.46627727
2024-04-26 13:30:00,0.55383515
2024-04-26 14:00:00,0.45250165
2024-04-26 14:30:00,0.46627727
2024-04-26 15:00:00,0.46627727
2024-04-26 15:30:00,0.46627727
2024-04-26 16:00:00,0.62384284
2024-04-26 16:30:00,0.46627727
2024-04-26 17:00:00,0.49257493
2024-04-26 17:30:00,0.5533943
2024-04-26 18:00:00,0.46627727
2024-04-26 18:30:00,0.46627727
2024-04-26 19:00:00,0.24685915
2024-04-26 19:30:00,0.5034347
2024-04-26 20:00:00,0.25850415
2024-04-26 20:30:00,0.54884833
2024-04-26 21:00:00,0.93767905
2024-04-26 21:30:00,0.68885005
2024-04-26 22:00:00,0.46627727
2024-04-26 22:30:00,0.62938064
2024-04-26 23:00:00,0.46627727
2024-04-26 23:30:00,0.48385498
2024-04-27 00:00:00,0.46627727
2024-04-27 00:30:00,0.46627727
2024-04-27 01:00:00,0.6471512
2024-04-27 01:30:00,0.42373815
2024-04-27 02:00:00,0.46627727
2024-04-27 02:30:00,0.46627727
2024-04-27 03:00:00,0.46627727
2024-04-27 03:30:00,0.46627727
2024-04-27 04:00:00,0.31573725
2024-04-27 04:30:00,0.5316839
2024-04-27 05:00:00,0.5643046
2024-04-27 05:30:00,0.46627727
2024-04-27 06:00:00,0.3031739
2024-04-27 06:30:00,0.9194952
2024-04-27 07:00:00,0.46627727
2024-04-27 07:30:00,0.46627727
2024-04-27 08:00:00,0.46627727
2024-04-27 08:30:00,0.46627727
2024-04-27 09:00:00,0.46627727
2024-04-27 09:30:00,0.46627727
2024-04-27 10:00:00,0.46627727
2024-04-27 10:30:00,0.46627727
2024-04-27 11:00:00,0.46627727
2024-04-27 11:30:00,0.46627727
2024-04-27 12:00:00,0.46627727
2024-04-27 12:30:00,0.46627727
2024-04-27 13:00:00,0.46627727
2024-04-27 13:30:00,0.46627727
2024-04-27 14:00:00,0.46627727
2024-04-27 14:30:00,0.46627727
2024-04-27 15:00:00,0.46627727
2024-04-27 15:30:00,0.38885826
2024-04-27 16:00:00,0.46627727
2024-04-27 16:30:00,0.46627727
2024-04-27 17:00:00,0.46627727
2024-04-27 17:30:00,0.46627727
2024-04-27 18:00:00,0.70341086
2024-04-27 18:30:00,0.43101168
2024-04-27 19:00:00,0.46627727
2024-04-27 19:30:00,0.46627727
2024-04-27 20:00:00,0.77165526
2024-04-27 20:30:00,0.7650981
2024-04-27 21:00:00,0.46627727
2024-04-27 21:30:00,0.74829185
2024-04-27 22:00:00,0.46627727
2024-04-27 22:30:00,0.46627727
2024-04-27 23:00:00,0.86213356
2024-04-27 23:30:00,0.46627727
2024-04-28 00:00:00,0.46627727
2024-04-28 00:30:00,0.46627727
2024-04-28 01:00:00,0.7089486
2024-04-28 01:30:00,0.46627727
2024-04-28 02:00:00,0.7384285
2024-04-28 02:30:00,0.46627727
2024-04-28 03:00:00,0.46627727
2024-04-28 03:30:00,0.46627727
2024-04-28 04:00:00,0.46627727
2024-04-28 04:30:00,0.46627727
2024-04-28 05:00:00,0.46627727
2024-04-28 05:30:00,0.46627727
2024-04-28 06:00:00,0.46627727
2024-04-28 06:30:00,0.46627727
2024-04-28 07:00:00,0.46627727
2024-04-28 07:30:00,0.46627727
2024-04-28 08:00:00,0.46627727
2024-04-28 08:30:00,0.46627727
2024-04-28 09:00:00,0.46627727
2024-04-28 09:30:00,0.46627727
2024-04-28 10:00:00,0.46627727
2024-04-28 10:30:00,0.46627727
2024-04-28 11:00:00,0.46627727
2024-04-28 11:30:00,0.46627727
2024-04-28 12:00:00,0.46627727
2024-04-28 12:30:00,0.46627727
2024-04-28 13:00:00,0.46627727
2024-04-28 13:30:00,0.46627727
2024-04-28 14:00:00,0.46627727
2024-04-28 14:30:00,0.46627727
2024-04-28 15:00:00,0.46627727
2024-04-28 15:30:00,0.46627727
2024-04-28 16:00:00,0.46627727
2024-04-28 16:30:00,0.46627727
2024-04-28 17:00:00,0.46627727
2024-04-28 17:30:00,0.6536257
2024-04-28 18:00:00,0.46627727
2024-04-28 18:30:00,0.80628717
2024-04-28 19:00:00,0.76716447
2024-04-28 19:30:00,0.46627727
2024-04-28 20:00:00,0.46627727
2024-04-28 20:30:00,0.46627727
2024-04-28 21:00:00,0.7814084
2024-04-28 21:30:00,0.55063915
2024-04-28 22:00:00,0.46627727
2024-04-28 22:30:00,0.46627727
2024-04-28 23:00:00,0.46627727
2024-04-28 23:30:00,0.46627727
2024-04-29 00:00:00,0.6198479
2024-04-29 00:30:00,0.62356734
2024-04-29 01:00:00,0.7576868
2024-04-29 01:30:00,0.46627727
2024-04-29 02:00:00,0.5415473
2024-04-29 02:30:00,0.46627727
2024-04-29 03:00:00,0.46627727
2024-04-29 03:30:00,0.46627727
2024-04-29 04:00:00,0.46627727
2024-04-29 04:30:00,0.46627727
2024-04-29 05:00:00,0.46627727
2024-04-29 05:30:00,0.46627727
2024-04-29 06:00:00,0.46627727
2024-04-29 06:30:00,0.46627727
2024-04-29 07:00:00,0.46627727
2024-04-29 07:30:00,0.46627727
2024-04-29 08:00:00,0.77341855
2024-04-29 08:30:00,0.46627727
2024-04-29 09:00:00,0.18194842
2024-04-29 09:30:00,0.46627727
2024-04-29 10:00:00,0.7814084
2024-04-29 10:30:00,0.46627727
2024-04-29 11:00:00,0.90023696
2024-04-29 11:30:00,0.9019176
2024-04-29 12:00:00,0.74011827
2024-04-29 12:30:00,0.46627727
2024-04-29 13:00:00,0.46627727
2024-04-29 13:30:00,0.46627727
2024-04-29 14:00:00,0.46627727
2024-04-29 14:30:00,0.46627727
2024-04-29 15:00:00,0.69853425
2024-04-29 15:30:00,0.46627727
2024-04-29 16:00:00,0.46627727
2024-04-29 16:30:00,0.46627727
2024-04-29 17:00:00,0.52394205
2024-04-29 17:30:00,0.46627727
2024-04-29 18:00:00,0.46627727
2024-04-29 18:30:00,0.56754184
2024-04-29 19:00:00,0.6109305
2024-04-29 19:30:00,0.5530401
2024-04-29 20:00:00,0.57806796
2024-04-29 20:30:00,0.63120687
2024-04-29 21:00:00,0.6877755
2024-04-29 21:30:00,0.6128893
2024-04-29 22:00:00,0.62940824
2024-04-29 22:30:00,0.46627727
2024-04-29 23:00:00,0.742304
2024-04-29 23:30:00,0.6445338
2024-04-30 00:00:00,0.6095162
2024-04-30 00:30:00,0.97134674
2024-04-30 01:00:00,0.84141505
2024-04-30 01:30:00,0.46627727
2024-04-30 02:00:00,0.46627727
2024-04-30 02:30:00,0.46627727
2024-04-30 03:00:00,0.46627727
2024-04-30 03:30:00,0.46627727
2024-04-30 04:00:00,0.38880318
2024-04-30 04:30:00,0.6841525
2024-04-30 05:00:00,0.70801187
2024-04-30 05:30:00,0.5088164
2024-04-30 06:00:00,0.33654764
2024-04-30 06:30:00,0.82367206
2024-04-30 07:00:00,0.46627727
2024-04-30 07:30:00,0.46627727
2024-04-30 08:00:00,0.46627727
2024-04-30 08:30:00,0.6198479
2024-04-30 09:00:00,0.46627727
2024-04-30 09:30:00,0.46627727
2024-04-30 10:00:00,0.46627727
2024-04-30 10:30:00,0.46627727
2024-04-30 11:00:00,0.46627727
2024-04-30 11:30:00,0.46627727
2024-04-30 12:00:00,0.46627727
2024-04-30 12:30:00,0.5632393
2024-04-30 13:00:00,0.47856513
2024-04-30 13:30:00,0.64126444
2024-04-30 14:00:00,0.46627727
2024-04-30 14:30:00,0.46627727
2024-04-30 15:00:00,0.46627727
2024-04-30 15:30:00,0.45221695
2024-04-30 16:00:00,0.62162495
2024-04-30 16:30:00,0.46627727
2024-04-30 17:00:00,0.46627727
2024-04-30 17:30:00,0.5831083
2024-04-30 18:00:00,0.5405633
2024-04-30 18:30:00,0.6180571
2024-04-30 19:00:00,0.59761405
2024-04-30 19:30:00,0.46627727
2024-04-30 20:00:00,0.61637646
2024-04-30 20:30:00,0.46627727
2024-04-30 21:00:00,0.46627727
2024-04-30 21:30:00,0.46627727
2024-04-30 22:00:00,0.8024576
2024-04-30 22:30:00,0.93966275
2024-04-30 23:00:00,0.35188448
2024-04-30 23:30:00,0.8564029
2024-05-01 00:00:00,0.46627727
2024-05-01 00:30:00,0.46627727
2024-05-01 01:00:00,0.2533888
2024-05-01 01:30:00,0.3323415
2024-05-01 02:00:00,0.54738814
2024-05-01 02:30:00,0.46627727
2024-05-01 03:00:00,0.31573725
2024-05-01 03:30:00,0.46627727
2024-05-01 04:00:00,0.7733635
2024-05-01 04:30:00,0.64161336
2024-05-01 05:00:00,0.46627727
2024-05-01 05:30:00,0.46627727
2024-05-01 06:00:00,0.46627727
2024-05-01 06:30:00,0.46627727
2024-05-01 07:00:00,0.46627727
2024-05-01 07:30:00,0.46627727
2024-05-01 08:00:00,0.46627727
2024-05-01 08:30:00,0.46627727
2024-05-01 09:00:00,0.46627727
2024-05-01 09:30:00,0.46627727
2024-05-01 10:00:00,0.46627727
2024-05-01 10:30:00,0.46627727
2024-05-01 11:00:00,0.46627727
2024-05-01 11:30:00,0.46627727
2024-05-01 12:00:00,0.46627727
2024-05-01 12:30:00,0.46627727
2024-05-01 13:00:00,0.46627727
2024-05-01 13:30:00,0.46627727
2024-05-01 14:00:00,0.46627727
2024-05-01 14:30:00,0.46627727
2024-05-01 15:00:00,0.46627727
2024-05-01 15:30:00,0.46627727
2024-05-01 16:00:00,0.46627727
2024-05-01 16:30:00,0.46627727
2024-05-01 17:00:00,0.46627727
2024-05-01 17:30:00,0.46627727
2024-05-01 18:00:00,0.46627727
2024-05-01 18:30:00,0.46627727
2024-05-01 19:00:00,0.46627727
2024-05-01 19:30:00,0.46627727
2024-05-01 20:00:00,0.46627727
2024-05-01 20:30:00,0.46627727
2024-05-01 21:00:00,0.46627727
2024-05-01 21:30:00,0.46627727
2024-05-01 22:00:00,0.46627727
2024-05-01 22:30:00,0.46627727
2024-05-01 23:00:00,0.46627727
2024-05-01 23:30:00,0.82367206
2024-05-02 00:00:00,0.19412607
2024-05-02 00:30:00,0.46627727
2024-05-02 01:00:00,0.46627727
2024-05-02 01:30:00,0.7206028
2024-05-02 02:00:00,0.46627727
2024-05-02 02:30:00,0.46627727
2024-05-02 03:00:00,0.46627727
2024-05-02 03:30:00,0.6168173
2024-05-02 04:00:00,0.35480493
2024-05-02 04:30:00,0.46627727
2024-05-02 05:00:00,0.46627727
2024-05-02 05:30:00,0.3936522
2024-05-02 06:00:00,0.66530746
2024-05-02 06:30:00,0.46627727
2024-05-02 07:00:00,0.46627727
2024-05-02 07:30:00,0.46627727
2024-05-02 08:00:00,0.46627727
2024-05-02 08:30:00,0.46627727
2024-05-02 09:00:00,0.46627727
2024-05-02 09:30:00,0.46627727
2024-05-02 10:00:00,0.46627727
2024-05-02 10:30:00,0.46627727
2024-05-02 11:00:00,0.46627727
2024-05-02 11:30:00,0.46627727
2024-05-02 12:00:00,0.46627727
2024-05-02 12:30:00,0.46627727
2024-05-02 13:00:00,0.46627727
2024-05-02 13:30:00,0.46627727
2024-05-02 14:00:00,0.46627727
2024-05-02 14:30:00,0.46627727
2024-05-02 15:00:00,0.46627727
2024-05-02 15:30:00,0.5744802
2024-05-02 16:00:00,0.46627727
2024-05-02 16:30:00,0.518812
2024-05-02 17:00:00,0.6511829
2024-05-02 17:30:00,0.46627727
2024-05-02 18:00:00,0.52598083
2024-05-02 18:30:00,0.46627727
2024-05-02 19:00:00,0.46627727
2024-05-02 19:30:00,0.6433767
2024-05-02 20:00:00,0.42373815
2024-05-02 20:30:00,0.46627727
2024-05-02 21:00:00,0.58067006
2024-05-02 21:30:00,0.68759644
2024-05-02 22:00:00,0.59158033
2024-05-02 22:30:00,0.46627727
2024-05-02 23:00:00,0.46627727
2024-05-02 23:30:00,0.46627727
2024-05-03 00:00:00,0.7476306
2024-05-03 00:30:00,0.46627727
2024-05-03 01:00:00,0.6639575
2024-05-03 01:30:00,0.65921867
2024-05-03 02:00:00,0.72895086
2024-05-03 02:30:00,0.46627727
2024-05-03 03:00:00,0.46627727
2024-05-03 03:30:00,0.46627727
2024-05-03 04:00:00,0.46627727
2024-05-03 04:30:00,0.46627727
2024-05-03 05:00:00,0.46627727
2024-05-03 05:30:00,0.95724046
2024-05-03 06:00:00,0.46627727
2024-05-03 06:30:00,0.46627727
2024-05-03 07:00:00,0.46627727
2024-05-03 07:30:00,0.46627727
2024-05-03 08:00:00,0.46627727
2024-05-03 08:30:00,0.46627727
2024-05-03 09:00:00,0.46627727
2024-05-03 09:30:00,0.46627727
2024-05-03 10:00:00,0.46627727
2024-05-03 10:30:00,0.46627727
2024-05-03 11:00:00,0.46627727
2024-05-03 11:30:00,0.46627727
2024-05-03 12:00:00,0.46627727
2024-05-03 12:30:00,0.46627727
2024-05-03 13:00:00,0.46627727
2024-05-03 13:30:00,0.42244324
2024-05-03 14:00:00,0.46627727
2024-05-03 14:30:00,0.46627727
2024-05-03 15:00:00,0.46627727
2024-05-03 15:30:00,0.46627727
2024-05-03 16:00:00,0.31573725
2024-05-03 16:30:00,0.46627727
2024-05-03 17:00:00,0.46627727
2024-05-03 17:30:00,0.43355742
2024-05-03 18:00:00,0.46627727
2024-05-03 18:30:00,0.46627727
2024-05-03 19:00:00,0.46627727
2024-05-03 19:30:00,0.12882963
2024-05-03 20:00:00,0.30648005
2024-05-03 20:30:00,0.51161283
2024-05-03 21:00:00,0.46627727
2024-05-03 21:30:00,0.6159356
2024-05-03 22:00:00,0.46627727
2024-05-03 22:30:00,0.46627727
2024-05-03 23:00:00,0.46627727
2024-05-03 23:30:00,0.65921867
2024-05-04 00:00:00,0.46627727
2024-05-04 00:30:00,0.94577914
2024-05-04 01:00:00,0.64161336
2024-05-04 01:30:00,0.8778378
2024-05-04 02:00:00,0.46627727
2024-05-04 02:30:00,0.46627727
2024-05-04 03:00:00,0.46627727
2024-05-04 03:30:00,0.46627727
2024-05-04 04:00:00,0.46627727
2024-05-04 04:30:00,0.46627727
2024-05-04 05:00:00,0.4534935
2024-05-04 05:30:00,0.46627727
2024-05-04 06:00:00,0.06573728
2024-05-04 06:30:00,0.46627727
2024-05-04 07:00:00,0.04474321
2024-05-04 07:30:00,0.46627727
2024-05-04 08:00:00,0.46627727
2024-05-04 08:30:00,0.20360368
2024-05-04 09:00:00,0.46627727
2024-05-04 09:30:00,0.46627727
2024-05-04 10:00:00,0.46627727
2024-05-04 10:30:00,0.46627727
2024-05-04 11:00:00,0.46627727
2024-05-04 11:30:00,0.46627727
2024-05-04 12:00:00,0.46627727
2024-05-04 12:30:00,0.46627727
2024-05-04 13:00:00,0.46627727
2024-05-04 13:30:00,0.46627727
2024-05-04 14:00:00,0.29094115
2024-05-04 14:30:00,0.46627727
2024-05-04 15:00:00,0.638445
2024-05-04 15:30:00,0.46627727
2024-05-04 16:00:00,0.46627727
2024-05-04 16:30:00,0.46627727
2024-05-04 17:00:00,0.46627727
2024-05-04 17:30:00,0.46627727
2024-05-04 18:00:00,0.46627727
2024-05-04 18:30:00,0.46627727
2024-05-04 19:00:00,0.46627727
2024-05-04 19:30:00,0.46627727
2024-05-04 20:00:00,0.36953565
2024-05-04 20:30:00,0.46627727
2024-05-04 21:00:00,0.46627727
2024-05-04 21:30:00,0.46627727
2024-05-04 22:00:00,0.46627727
2024-05-04 22:30:00,0.46627727
2024-05-04 23:00:00,0.8713356
2024-05-04 23:30:00,0.46627727
2024-05-05 00:00:00,0.46627727
2024-05-05 00:30:00,0.46627727
2024-05-05 01:00:00,0.55063915
2024-05-05 01:30:00,0.42373815
2024-05-05 02:00:00,0.46627727
2024-05-05 02:30:00,0.46627727
2024-05-05 03:00:00,0.46627727
2024-05-05 03:30:00,0.46627727
2024-05-05 04:00:00,0.46627727
2024-05-05 04:30:00,0.62938064
2024-05-05 05:00:00,0.46627727
2024-05-05 05:30:00,0.46627727
2024-05-05 06:00:00,0.5909742
2024-05-05 06:30:00,0.46627727
2024-05-05 07:00:00,0.46627727
2024-05-05 07:30:00,0.46627727
2024-05-05 08:00:00,0.46627727
2024-05-05 08:30:00,0.46627727
2024-05-05 09:00:00,0.46627727
2024-05-05 09:30:00,0.46627727
2024-05-05 10:00:00,0.46627727
2024-05-05 10:30:00,0.46627727
2024-05-05 11:00:00,0.46627727
2024-05-05 11:30:00,0.46627727
2024-05-05 12:00:00,0.46627727
2024-05-05 12:30:00,0.46627727
2024-05-05 13:00:00,0.46627727
2024-05-05 13:30:00,0.46627727
2024-05-05 14:00:00,0.5657924
2024-05-05 14:30:00,0.46627727
2024-05-05 15:00:00,0.46627727
2024-05-05 15:30:00,0.46627727
2024-05-05 16:00:00,0.46627727
2024-05-05 16:30:00,0.46627727
2024-05-05 17:00:00,0.46627727
2024-05-05 17:30:00,0.46627727
2024-05-05 18:00:00,0.46627727
2024-05-05 18:30:00,0.46627727
2024-05-05 19:00:00,0.46627727
2024-05-05 19:30:00,0.46627727
2024-05-05 20:00:00,0.46627727
2024-05-05 20:30:00,0.46627727
2024-05-05 21:00:00,0.46627727
2024-05-05 21:30:00,0.46627727
2024-05-05 22:00:00,0.46627727
2024-05-05 22:30:00,0.46627727
2024-05-05 23:00:00,0.46627727
2024-05-05 23:30:00,0.46627727
2024-05-06 00:00:00,0.46627727
2024-05-06 00:30:00,0.9917897
2024-05-06 01:00:00,0.46627727
2024-05-06 01:30:00,0.46627727
2024-05-06 02:00:00,0.48049372
2024-05-06 02:30:00,0.78912276
2024-05-06 03:00:00,0.46627727
2024-05-06 03:30:00,0.46627727
2024-05-06 04:00:00,0.46627727
2024-05-06 04:30:00,0.46627727
2024-05-06 05:00:00,0.46627727
2024-05-06 05:30:00,0.46627727
2024-05-06 06:00:00,0.46627727
2024-05-06 06:30:00,0.46627727
2024-05-06 07:00:00,0.46627727
2024-05-06 07:30:00,0.46627727
2024-05-06 08:00:00,0.46627727
2024-05-06 08:30:00,0.46627727
2024-05-06 09:00:00,0.46627727
2024-05-06 09:30:00,0.46627727
2024-05-06 10:00:00,0.46627727
2024-05-06 10:30:00,0.46627727
2024-05-06 11:00:00,0.46627727
2024-05-06 11:30:00,0.46627727
2024-05-06 12:00:00,0.46627727
2024-05-06 12:30:00,0.46627727
2024-05-06 13:00:00,0.46627727
2024-05-06 13:30:00,0.46627727
2024-05-06 14:00:00,0.46627727
2024-05-06 14:30:00,0.69853425
2024-05-06 15:00:00,0.46627727
2024-05-06 15:30:00,0.46627727
2024-05-06 16:00:00,0.46627727
2024-05-06 16:30:00,0.46627727
2024-05-06 17:00:00,0.46627727
2024-05-06 17:30:00,0.46627727
2024-05-06 18:00:00,0.6604034
2024-05-06 18:30:00,0.46627727
2024-05-06 19:00:00,0.46627727
2024-05-06 19:30:00,0.46627727
2024-05-06 20:00:00,0.46627727
2024-05-06 20:30:00,0.46627727
2024-05-06 21:00:00,0.46627727
2024-05-06 21:30:00,0.46627727
2024-05-06 22:00:00,0.46627727
2024-05-06 22:30:00,0.46627727
2024-05-06 23:00:00,0.46627727
2024-05-06 23:30:00,0.49159688
2024-05-07 00:00:00,0.46627727
2024-05-07 00:30:00,0.46627727
2024-05-07 01:00:00,0.58240575
2024-05-07 01:30:00,0.46627727
2024-05-07 02:00:00,0.6766586
2024-05-07 02:30:00,0.46627727
2024-05-07 03:00:00,0.8297884
2024-05-07 03:30:00,0.46627727
2024-05-07 04:00:00,0.43448314
2024-05-07 04:30:00,0.46627727
2024-05-07 05:00:00,0.46627727
2024-05-07 05:30:00,0.46627727
2024-05-07 06:00:00,0.46627727
2024-05-07 06:30:00,0.46627727
2024-05-07 07:00:00,0.5777496
2024-05-07 07:30:00,0.46627727
2024-05-07 08:00:00,0.46627727
2024-05-07 08:30:00,0.46627727
2024-05-07 09:00:00,0.3755602
2024-05-07 09:30:00,0.46627727
2024-05-07 10:00:00,0.46627727
2024-05-07 10:30:00,0.37260303
2024-05-07 11:00:00,0.46627727
2024-05-07 11:30:00,0.46627727
2024-05-07 12:00:00,0.5415473
2024-05-07 12:30:00,0.46627727
2024-05-07 13:00:00,0.37122548
2024-05-07 13:30:00,0.46627727
2024-05-07 14:00:00,0.46627727
2024-05-07 14:30:00,0.46627727
2024-05-07 15:00:00,0.38472557
2024-05-07 15:30:00,0.46627727
2024-05-07 16:00:00,0.45209756
2024-05-07 16:30:00,0.44993937
2024-05-07 17:00:00,0.48421866
2024-05-07 17:30:00,0.7573286
2024-05-07 18:00:00,0.671512
2024-05-07 18:30:00,0.51625526
2024-05-07 19:00:00,0.48154065
2024-05-07 19:30:00,0.5348248
2024-05-07 20:00:00,0.46627727
2024-05-07 20:30:00,0.46627727
2024-05-07 21:00:00,0.9111748
2024-05-07 21:30:00,0.46627727
2024-05-07 22:00:00,0.7900871
2024-05-07 22:30:00,0.61836016
2024-05-07 23:00:00,1.0033612
2024-05-07 23:30:00,0.45652413
2024-05-08 00:00:00,0.69302404
2024-05-08 00:30:00,0.46627727
2024-05-08 01:00:00,0.6877342
2024-05-08 01:30:00,0.46627727
2024-05-08 02:00:00,0.46627727
2024-05-08 02:30:00,0.46627727
2024-05-08 03:00:00,0.99030197
2024-05-08 03:30:00,0.8652744
2024-05-08 04:00:00,0.7336621
2024-05-08 04:30:00,0.6060723
2024-05-08 05:00:00,0.46627727
2024-05-08 05:30:00,0.99030197
2024-05-08 06:00:00,0.46627727
2024-05-08 06:30:00,0.46627727
2024-05-08 07:00:00,0.46627727
2024-05-08 07:30:00,0.3051576
2024-05-08 08:00:00,0.46627727
2024-05-08 08:30:00,0.46627727
2024-05-08 09:00:00,0.7520388
2024-05-08 09:30:00,0.46627727
2024-05-08 10:00:00,0.46627727
2024-05-08 10:30:00,0.46627727
2024-05-08 11:00:00,0.7114283
2024-05-08 11:30:00,0.46627727
2024-05-08 12:00:00,0.46627727
2024-05-08 12:30:00,0.46627727
2024-05-08 13:00:00,0.61553156
2024-05-08 13:30:00,0.46627727
2024-05-08 14:00:00,0.46627727
2024-05-08 14:30:00,0.4288076
2024-05-08 15:00:00,0.53194565
2024-05-08 15:30:00,0.46627727
2024-05-08 16:00:00,0.46627727
2024-05-08 16:30:00,0.46627727
2024-05-08 17:00:00,0.3194567
2024-05-08 17:30:00,0.47272426
2024-05-08 18:00:00,0.46627727
2024-05-08 18:30:00,0.6736555
2024-05-08 19:00:00,0.57146794
2024-05-08 19:30:00,0.38749447
2024-05-08 20:00:00,0.813974
2024-05-08 20:30:00,0.46627727
2024-05-08 21:00:00,0.8545294
2024-05-08 21:30:00,0.60915804
2024-05-08 22:00:00,0.28267577
2024-05-08 22:30:00,0.46627727
2024-05-08 23:00:00,0.46627727
2024-05-08 23:30:00,0.33254352
2024-05-09 00:00:00,0.37361324
2024-05-09 00:30:00,0.1690728
2024-05-09 01:00:00,0.9515282
2024-05-09 01:30:00,0.46627727
2024-05-09 02:00:00,0.5402983
2024-05-09 02:30:00,0.46627727
2024-05-09 03:00:00,0.46627727
2024-05-09 03:30:00,0.46627727
2024-05-09 04:00:00,0.46627727
2024-05-09 04:30:00,0.46627727
2024-05-09 05:00:00,0.46627727
2024-05-09 05:30:00,0.46627727
2024-05-09 06:00:00,0.25589597
2024-05-09 06:30:00,0.46627727
2024-05-09 07:00:00,0.46627727
2024-05-09 07:30:00,0.46627727
2024-05-09 08:00:00,0.46627727
2024-05-09 08:30:00,0.39668283
2024-05-09 09:00:00,0.45217103
2024-05-09 09:30:00,0.46627727
2024-05-09 10:00:00,0.46627727
2024-05-09 10:30:00,0.46627727
2024-05-09 11:00:00,0.46627727
2024-05-09 11:30:00,0.46627727
2024-05-09 12:00:00,0.46627727
2024-05-09 12:30:00,0.46627727
2024-05-09 13:00:00,0.46627727
2024-05-09 13:30:00,0.46627727
2024-05-09 14:00:00,0.32116485
2024-05-09 14:30:00,0.46627727
2024-05-09 15:00:00,0.46627727
2024-05-09 15:30:00,0.46627727
2024-05-09 16:00:00,0.46627727
2024-05-09 16:30:00,0.46627727
2024-05-09 17:00:00,0.46627727
2024-05-09 17:30:00,0.46627727
2024-05-09 18:00:00,0.35149878
2024-05-09 18:30:00,0.46627727
2024-05-09 19:00:00,0.46627727
2024-05-09 19:30:00,0.46627727
2024-05-09 20:00:00,0.55324
2024-05-09 20:30:00,0.46627727
2024-05-09 21:00:00,0.46627727
2024-05-09 21:30:00,0.46627727
2024-05-09 22:00:00,0.49471015
2024-05-09 22:30:00,0.46627727
2024-05-09 23:00:00,0.46627727
2024-05-09 23:30:00,0.7039068
2024-05-10 00:00:00,0.46627727
2024-05-10 00:30:00,0.57168835
2024-05-10 01:00:00,0.46627727
2024-05-10 01:30:00,0.9469914
2024-05-10 02:00:00,0.6822239
2024-05-10 02:30:00,0.0033061206
2024-05-10 03:00:00,0.0033061206
2024-05-10 03:30:00,0.46627727
2024-05-10 04:00:00,0.50845826
2024-05-10 04:30:00,0.3031739
2024-05-10 05:00:00,0.46627727
2024-05-10 05:30:00,0.32852104
2024-05-10 06:00:00,0.09681508
2024-05-10 06:30:00,0.46627727
2024-05-10 07:00:00,0.46627727
2024-05-10 07:30:00,0.5088164
2024-05-10 08:00:00,0.46627727
2024-05-10 08:30:00,0.46627727
2024-05-10 09:00:00,0.46627727
2024-05-10 09:30:00,0.46627727
2024-05-10 10:00:00,0.46627727
2024-05-10 10:30:00,0.46627727
2024-05-10 11:00:00,0.46627727
2024-05-10 11:30:00,0.46627727
2024-05-10 12:00:00,0.46627727
2024-05-10 12:30:00,0.46627727
2024-05-10 13:00:00,0.46627727
2024-05-10 13:30:00,0.46627727
2024-05-10 14:00:00,0.49414536
2024-05-10 14:30:00,0.5013445
2024-05-10 15:00:00,0.46627727
2024-05-10 15:30:00,0.46627727
2024-05-10 16:00:00,0.46627727
2024-05-10 16:30:00,0.46627727
2024-05-10 17:00:00,0.46627727
2024-05-10 17:30:00,0.5007163
2024-05-10 18:00:00,0.5538792
2024-05-10 18:30:00,0.507347
2024-05-10 19:00:00,0.46627727
2024-05-10 19:30:00,0.46627727
2024-05-10 20:00:00,0.46627727
2024-05-10 20:30:00,0.5388335
2024-05-10 21:00:00,0.3586621
2024-05-10 21:30:00,0.39574608
2024-05-10 22:00:00,0.46627727
2024-05-10 22:30:00,0.64161336
2024-05-10 23:00:00,-0.0046010613
2024-05-10 23:30:00,0.46627727
2024-05-11 00:00:00,0.65457624
2024-05-11 00:30:00,0.46627727
2024-05-11 01:00:00,0.7451326
2024-05-11 01:30:00,0.46627727
2024-05-11 02:00:00,0.46627727
2024-05-11 02:30:00,0.60235286
2024-05-11 03:00:00,0.46627727
2024-05-11 03:30:00,0.32852104
2024-05-11 04:00:00,0.46627727
2024-05-11 04:30:00,0.23220189
2024-05-11 05:00:00,0.46627727
2024-05-11 05:30:00,0.98324883
2024-05-11 06:00:00,0.46627727
2024-05-11 06:30:00,0.46627727
2024-05-11 07:00:00,0.46627727
2024-05-11 07:30:00,0.46627727
2024-05-11 08:00:00,0.46627727
2024-05-11 08:30:00,0.46627727
2024-05-11 09:00:00,0.46627727
2024-05-11 09:30:00,0.46627727
2024-05-11 10:00:00,0.46627727
2024-05-11 10:30:00,0.46627727
2024-05-11 11:00:00,0.46627727
2024-05-11 11:30:00,0.46627727
2024-05-11 12:00:00,0.5364044
2024-05-11 12:30:00,0.46627727
2024-05-11 13:00:00,0.46627727
2024-05-11 13:30:00,0.46627727
2024-05-11 14:00:00,0.46627727
2024-05-11 14:30:00,0.6198479
2024-05-11 15:00:00,0.7384285
2024-05-11 15:30:00,0.46627727
2024-05-11 16:00:00,0.46627727
2024-05-11 16:30:00,0.46627727
2024-05-11 17:00:00,0.46627727
2024-05-11 17:30:00,0.7960106
2024-05-11 18:00:00,0.46627727
2024-05-11 18:30:00,0.46627727
2024-05-11 19:00:00,0.46627727
2024-05-11 19:30:00,0.46627727
2024-05-11 20:00:00,0.46627727
2024-05-11 20:30:00,0.46627727
2024-05-11 21:00:00,0.46627727
2024-05-11 21:30:00,0.46627727
2024-05-11 22:00:00,0.6536257
2024-05-11 22:30:00,0.46627727
2024-05-11 23:00:00,0.46627727
2024-05-11 23:30:00,0.46627727
2024-05-12 00:00:00,0.46627727
2024-05-12 00:30:00,0.46627727
2024-05-12 01:00:00,0.46627727
2024-05-12 01:30:00,0.46627727
2024-05-12 02:00:00,0.36824995
2024-05-12 02:30:00,0.46627727
2024-05-12 03:00:00,0.46627727
2024-05-12 03:30:00,0.46627727
2024-05-12 04:00:00,0.46627727
2024-05-12 04:30:00,0.46627727
2024-05-12 05:00:00,0.46627727
2024-05-12 05:30:00,0.46627727
2024-05-12 06:00:00,0.46627727
2024-05-12 06:30:00,0.46627727
2024-05-12 07:00:00,0.46627727
2024-05-12 07:30:00,0.46627727
2024-05-12 08:00:00,0.46627727
2024-05-12 08:30:00,0.46627727
2024-05-12 09:00:00,0.46627727
2024-05-12 09:30:00,0.46627727
2024-05-12 10:00:00,0.46627727
2024-05-12 10:30:00,0.46627727
2024-05-12 11:00:00,0.46627727
2024-05-12 11:30:00,0.46627727
2024-05-12 12:00:00,0.46627727
2024-05-12 12:30:00,0.46627727
2024-05-12 13:00:00,0.46627727
2024-05-12 13:30:00,0.46627727
2024-05-12 14:00:00,0.46627727
2024-05-12 14:30:00,0.64547056
2024-05-12 15:00:00,0.46627727
2024-05-12 15:30:00,0.46627727
2024-05-12 16:00:00,0.46627727
2024-05-12 16:30:00,0.46627727
2024-05-12 17:00:00,0.46627727
2024-05-12 17:30:00,0.46627727
2024-05-12 18:00:00,0.46627727
2024-05-12 18:30:00,0.46627727
2024-05-12 19:00:00,0.46627727
2024-05-12 19:30:00,0.688726
2024-05-12 20:00:00,0.69853425
2024-05-12 20:30:00,0.17886266
2024-05-12 21:00:00,0.46627727
2024-05-12 21:30:00,0.46627727
2024-05-12 22:00:00,0.49471015
2024-05-12 22:30:00,0.46627727
2024-05-12 23:00:00,0.46627727
2024-05-12 23:30:00,0.46627727
2024-05-13 00:00:00,0.5088164
2024-05-13 00:30:00,0.46627727
2024-05-13 01:00:00,0.46627727
2024-05-13 01:30:00,0.46627727
2024-05-13 02:00:00,0.31573725
2024-05-13 02:30:00,0.9442363
2024-05-13 03:00:00,0.46627727
2024-05-13 03:30:00,0.46627727
2024-05-13 04:00:00,0.46627727
2024-05-13 04:30:00,0.46627727
2024-05-13 05:00:00,0.46627727
2024-05-13 05:30:00,0.46627727
2024-05-13 06:00:00,0.46627727
2024-05-13 06:30:00,0.46627727
2024-05-13 07:00:00,0.46627727
2024-05-13 07:30:00,0.46627727
2024-05-13 08:00:00,0.46627727
2024-05-13 08:30:00,0.46627727
2024-05-13 09:00:00,0.46627727
2024-05-13 09:30:00,0.46627727
2024-05-13 10:00:00,0.46627727
2024-05-13 10:30:00,0.46627727
2024-05-13 11:00:00,0.46627727
2024-05-13 11:30:00,0.46627727
2024-05-13 12:00:00,0.51454705
2024-05-13 12:30:00,0.46627727
2024-05-13 13:00:00,0.46627727
2024-05-13 13:30:00,0.46627727
2024-05-13 14:00:00,0.46627727
2024-05-13 14:30:00,0.46627727
2024-05-13 15:00:00,0.46627727
2024-05-13 15:30:00,0.46627727
2024-05-13 16:00:00,0.46627727
2024-05-13 16:30:00,0.5996988
2024-05-13 17:00:00,0.5975755
2024-05-13 17:30:00,0.38191536
2024-05-13 18:00:00,0.50835353
2024-05-13 18:30:00,0.9019176
2024-05-13 19:00:00,0.53636765
2024-05-13 19:30:00,0.5884579
2024-05-13 20:00:00,0.638445
2024-05-13 20:30:00,0.46627727
2024-05-13 21:00:00,0.82367206
2024-05-13 21:30:00,0.46627727
2024-05-13 22:00:00,0.46627727
2024-05-13 22:30:00,0.46627727
2024-05-13 23:00:00,0.4505593
2024-05-13 23:30:00,0.46627727
2024-05-14 00:00:00,0.7627562
2024-05-14 00:30:00,-0.068878144
2024-05-14 01:00:00,0.46627727
2024-05-14 01:30:00,0.46627727
2024-05-14 02:00:00,0.7221732
2024-05-14 02:30:00,0.46627727
2024-05-14 03:00:00,0.07527
2024-05-14 03:30:00,0.82367206
2024-05-14 04:00:00,0.81061274
2024-05-14 04:30:00,0.8202557
2024-05-14 05:00:00,0.46627727
2024-05-14 05:30:00,0.46627727
2024-05-14 06:00:00,0.46627727
2024-05-14 06:30:00,0.46627727
2024-05-14 07:00:00,0.46627727
2024-05-14 07:30:00,0.46627727
2024-05-14 08:00:00,0.46627727
2024-05-14 08:30:00,0.46627727
2024-05-14 09:00:00,0.46627727
2024-05-14 09:30:00,0.46627727
2024-05-14 10:00:00,0.37304386
2024-05-14 10:30:00,0.46627727
2024-05-14 11:00:00,0.46627727
2024-05-14 11:30:00,0.46627727
2024-05-14 12:00:00,0.46627727
2024-05-14 12:30:00,0.46627727
2024-05-14 13:00:00,0.46627727
2024-05-14 13:30:00,0.46627727
2024-05-14 14:00:00,0.46627727
2024-05-14 14:30:00,0.46627727
2024-05-14 15:00:00,0.46627727
2024-05-14 15:30:00,0.46627727
2024-05-14 16:00:00,0.46627727
2024-05-14 16:30:00,0.46627727
2024-05-14 17:00:00,0.7214018
2024-05-14 17:30:00,0.46627727
2024-05-14 18:00:00,0.46627727
2024-05-14 18:30:00,0.59761405
2024-05-14 19:00:00,0.46627727
2024-05-14 19:30:00,0.8713356
2024-05-14 20:00:00,0.4237051
2024-05-14 20:30:00,0.46627727
2024-05-14 21:00:00,0.46627727
2024-05-14 21:30:00,0.07042098
2024-05-14 22:00:00,0.5277166
2024-05-14 22:30:00,0.6168173
2024-05-14 23:00:00,0.46627727
2024-05-14 23:30:00,0.46627727
2024-05-15 00:00:00,0.68211377
2024-05-15 00:30:00,0.6766586
2024-05-15 01:00:00,0.72330284
2024-05-15 01:30:00,0.46627727
2024-05-15 02:00:00,0.980108
2024-05-15 02:30:00,0.7089486
2024-05-15 03:00:00,0.46627727
2024-05-15 03:30:00,0.37227243
2024-05-15 04:00:00,0.23402028
2024-05-15 04:30:00,0.3031739
2024-05-15 05:00:00,0.37323672
2024-05-15 05:30:00,0.46627727
2024-05-15 06:00:00,0.46627727
2024-05-15 06:30:00,0.46627727
2024-05-15 07:00:00,0.36824995
2024-05-15 07:30:00,0.46627727
2024-05-15 08:00:00,0.46627727
2024-05-15 08:30:00,0.46627727
2024-05-15 09:00:00,0.46627727
2024-05-15 09:30:00,0.46627727
2024-05-15 10:00:00,0.46627727
2024-05-15 10:30:00,0.46627727
2024-05-15 11:00:00,0.46627727
2024-05-15 11:30:00,0.46627727
2024-05-15 12:00:00,0.46627727
2024-05-15 12:30:00,0.46627727
2024-05-15 13:00:00,0.46627727
2024-05-15 13:30:00,0.46627727
2024-05-15 14:00:00,0.46627727
2024-05-15 14:30:00,0.46627727
2024-05-15 15:00:00,0.46627727
2024-05-15 15:30:00,0.46627727
2024-05-15 16:00:00,0.46627727
2024-05-15 16:30:00,0.46627727
2024-05-15 17:00:00,0.46627727
2024-05-15 17:30:00,0.46627727
2024-05-15 18:00:00,0.46627727
2024-05-15 18:30:00,0.46627727
2024-05-15 19:00:00,0.46627727
2024-05-15 19:30:00,0.46627727
2024-05-15 20:00:00,0.46627727
2024-05-15 20:30:00,0.5307472
2024-05-15 21:00:00,0.46627727
2024-05-15 21:30:00,0.46627727
2024-05-15 22:00:00,0.04105133
2024-05-15 22:30:00,0.85216
2024-05-15 23:00:00,0.81722504
2024-05-15 23:30:00,0.46627727
2024-05-16 00:00:00,0.46627727
2024-05-16 00:30:00,0.52286756
2024-05-16 01:00:00,0.49471015
2024-05-16 01:30:00,0.46627727
2024-05-16 02:00:00,0.46627727
2024-05-16 02:30:00,0.14343178
2024-05-16 03:00:00,0.46627727
2024-05-16 03:30:00,0.71098745
2024-05-16 04:00:00,0.46627727
2024-05-16 04:30:00,0.6931893
2024-05-16 05:00:00,0.46627727
2024-05-16 05:30:00,0.5657924
2024-05-16 06:00:00,0.46627727
2024-05-16 06:30:00,0.00562042
2024-05-16 07:00:00,0.46627727
2024-05-16 07:30:00,0.46627727
2024-05-16 08:00:00,0.6457094
2024-05-16 08:30:00,0.46627727
2024-05-16 09:00:00,0.4336015
2024-05-16 09:30:00,0.46627727
2024-05-16 10:00:00,0.46627727
2024-05-16 10:30:00,0.46627727
2024-05-16 11:00:00,0.46627727
2024-05-16 11:30:00,0.46627727
2024-05-16 12:00:00,0.57700574
2024-05-16 12:30:00,0.46627727
2024-05-16 13:00:00,0.46627727
2024-05-16 13:30:00,0.46627727
2024-05-16 14:00:00,0.46627727
2024-05-16 14:30:00,0.46627727
2024-05-16 15:00:00,0.46627727
2024-05-16 15:30:00,0.46627727
2024-05-16 16:00:00,0.46627727
2024-05-16 16:30:00,0.6168173
2024-05-16 17:00:00,0.46627727
2024-05-16 17:30:00,0.3560282
2024-05-16 18:00:00,0.46627727
2024-05-16 18:30:00,0.36676216
2024-05-16 19:00:00,0.46627727
2024-05-16 19:30:00,0.46627727
2024-05-16 20:00:00,0.46627727
2024-05-16 20:30:00,0.46627727
2024-05-16 21:00:00,0.46627727
2024-05-16 21:30:00,0.5415473
2024-05-16 22:00:00,0.46627727
2024-05-16 22:30:00,0.46627727
2024-05-16 23:00:00,0.062155604
2024-05-16 23:30:00,0.78025126
2024-05-17 00:00:00,0.46627727
2024-05-17 00:30:00,0.46627727
2024-05-17 01:00:00,0.46627727
2024-05-17 01:30:00,0.6536257
2024-05-17 02:00:00,0.8652744
2024-05-17 02:30:00,0.46627727
2024-05-17 03:00:00,0.69853425
2024-05-17 03:30:00,0.46627727
2024-05-17 04:00:00,0.38191536
2024-05-17 04:30:00,0.3610866
2024-05-17 05:00:00,0.46627727
2024-05-17 05:30:00,0.46627727
2024-05-17 06:00:00,0.46627727
2024-05-17 06:30:00,0.46627727
2024-05-17 07:00:00,0.46627727
2024-05-17 07:30:00,0.46627727
2024-05-17 08:00:00,0.46627727
2024-05-17 08:30:00,0.46627727
2024-05-17 09:00:00,0.46627727
2024-05-17 09:30:00,0.46627727
2024-05-17 10:00:00,0.46627727
2024-05-17 10:30:00,0.46627727
2024-05-17 11:00:00,0.46627727
2024-05-17 11:30:00,0.46627727
2024-05-17 12:00:00,0.46627727
2024-05-17 12:30:00,0.46627727
2024-05-17 13:00:00,0.46627727
2024-05-17 13:30:00,0.46627727
2024-05-17 14:00:00,0.68070865
2024-05-17 14:30:00,0.46627727
2024-05-17 15:00:00,0.46627727
2024-05-17 15:30:00,0.46627727
2024-05-17 16:00:00,0.46627727
2024-05-17 16:30:00,0.46627727
2024-05-17 17:00:00,0.87059176
2024-05-17 17:30:00,0.5115348
2024-05-17 18:00:00,0.46627727
2024-05-17 18:30:00,0.46627727
2024-05-17 19:00:00,0.5539453
2024-05-17 19:30:00,0.46627727
2024-05-17 20:00:00,0.46627727
2024-05-17 20:30:00,0.46627727
2024-05-17 21:00:00,0.46627727
2024-05-17 21:30:00,0.20360368
2024-05-17 22:00:00,0.48229373
2024-05-17 22:30:00,0.46627727
2024-05-17 23:00:00,0.8896848
2024-05-17 23:30:00,0.72895086
2024-05-18 00:00:00,0.46627727
2024-05-18 00:30:00,0.46627727
2024-05-18 01:00:00,0.8163985
2024-05-18 01:30:00,0.46627727
2024-05-18 02:00:00,0.46627727
2024-05-18 02:30:00,0.46627727
2024-05-18 03:00:00,0.46627727
2024-05-18 03:30:00,0.46627727
2024-05-18 04:00:00,0.46627727
2024-05-18 04:30:00,0.46627727
2024-05-18 05:00:00,0.46627727
2024-05-18 05:30:00,0.46627727
2024-05-18 06:00:00,0.46627727
2024-05-18 06:30:00,0.46627727
2024-05-18 07:00:00,0.46627727
2024-05-18 07:30:00,0.46627727
2024-05-18 08:00:00,0.46627727
2024-05-18 08:30:00,0.46627727
2024-05-18 09:00:00,0.46627727
2024-05-18 09:30:00,0.46627727
2024-05-18 10:00:00,0.46627727
2024-05-18 10:30:00,0.46627727
2024-05-18 11:00:00,0.46627727
2024-05-18 11:30:00,0.46627727
2024-05-18 12:00:00,0.46627727
2024-05-18 12:30:00,0.46627727
2024-05-18 13:00:00,0.46627727
2024-05-18 13:30:00,0.67508817
2024-05-18 14:00:00,0.46627727
2024-05-18 14:30:00,0.46627727
2024-05-18 15:00:00,0.29094115
2024-05-18 15:30:00,0.46627727
2024-05-18 16:00:00,0.65100837
2024-05-18 16:30:00,0.46627727
2024-05-18 17:00:00,0.49538976
2024-05-18 17:30:00,0.72895086
2024-05-18 18:00:00,0.46627727
2024-05-18 18:30:00,0.46627727
2024-05-18 19:00:00,0.36824995
2024-05-18 19:30:00,0.46627727
2024-05-18 20:00:00,0.46627727
2024-05-18 20:30:00,0.46627727
2024-05-18 21:00:00,0.46627727
2024-05-18 21:30:00,0.46627727
2024-05-18 22:00:00,0.121941805
2024-05-18 22:30:00,0.46627727
2024-05-18 23:00:00,0.46627727
2024-05-18 23:30:00,0.46627727
2024-05-19 00:00:00,0.46627727
2024-05-19 00:30:00,0.46627727
2024-05-19 01:00:00,0.46627727
2024-05-19 01:30:00,0.46627727
2024-05-19 02:00:00,0.46627727
2024-05-19 02:30:00,0.46627727
2024-05-19 03:00:00,0.46627727
2024-05-19 03:30:00,0.46627727
2024-05-19 04:00:00,0.46627727
2024-05-19 04:30:00,0.46627727
2024-05-19 05:00:00,0.46627727
2024-05-19 05:30:00,0.46627727
2024-05-19 06:00:00,0.5468371
2024-05-19 06:30:00,0.46627727
2024-05-19 07:00:00,0.46627727
2024-05-19 07:30:00,0.46627727
2024-05-19 08:00:00,0.46627727
2024-05-19 08:30:00,0.46627727
2024-05-19 09:00:00,0.46627727
2024-05-19 09:30:00,0.46627727
2024-05-19 10:00:00,0.46627727
2024-05-19 10:30:00,0.46627727
2024-05-19 11:00:00,0.46627727
2024-05-19 11:30:00,0.46627727
2024-05-19 12:00:00,0.46627727
2024-05-19 12:30:00,0.7565021
2024-05-19 13:00:00,0.46627727
2024-05-19 13:30:00,0.46627727
2024-05-19 14:00:00,0.46627727
2024-05-19 14:30:00,0.46627727
2024-05-19 15:00:00,0.46627727
2024-05-19 15:30:00,0.46627727
2024-05-19 16:00:00,0.46627727
2024-05-19 16:30:00,0.39100727
2024-05-19 17:00:00,0.72895086
2024-05-19 17:30:00,0.46627727
2024-05-19 18:00:00,0.46627727
2024-05-19 18:30:00,0.46627727
2024-05-19 19:00:00,0.46627727
2024-05-19 19:30:00,0.46627727
2024-05-19 20:00:00,0.46627727
2024-05-19 20:30:00,0.46627727
2024-05-19 21:00:00,0.46627727
2024-05-19 21:30:00,0.7476306
2024-05-19 22:00:00,0.46627727
2024-05-19 22:30:00,0.46627727
2024-05-19 23:00:00,0.46627727
2024-05-19 23:30:00,0.46627727
2024-05-20 00:00:00,0.46627727
2024-05-20 00:30:00,0.46627727
2024-05-20 01:00:00,0.46627727
2024-05-20 01:30:00,0.46627727
2024-05-20 02:00:00,0.46627727
2024-05-20 02:30:00,0.46627727
2024-05-20 03:00:00,0.46627727
2024-05-20 03:30:00,0.46627727
2024-05-20 04:00:00,0.46627727
2024-05-20 04:30:00,0.46627727
2024-05-20 05:00:00,0.46627727
2024-05-20 05:30:00,0.46627727
2024-05-20 06:00:00,0.46627727
2024-05-20 06:30:00,0.46627727
2024-05-20 07:00:00,0.46627727
2024-05-20 07:30:00,0.46627727
2024-05-20 08:00:00,0.46627727
2024-05-20 08:30:00,0.46627727
2024-05-20 09:00:00,0.46627727
2024-05-20 09:30:00,0.46627727
2024-05-20 10:00:00,0.46627727
2024-05-20 10:30:00,0.46627727
2024-05-20 11:00:00,0.46627727
2024-05-20 11:30:00,0.46627727
2024-05-20 12:00:00,0.46627727
2024-05-20 12:30:00,0.46627727
2024-05-20 13:00:00,0.49323156
2024-05-20 13:30:00,0.46627727
2024-05-20 14:00:00,0.46627727
2024-05-20 14:30:00,0.46627727
2024-05-20 15:00:00,0.46627727
2024-05-20 15:30:00,0.61568767
