datetime,sentscore
2024-03-23 09:30:00,0.0
2024-03-23 10:00:00,0.0
2024-03-23 10:30:00,0.0
2024-03-23 11:00:00,0.0
2024-03-23 11:30:00,0.0
2024-03-23 12:00:00,0.0
2024-03-23 12:30:00,0.0
2024-03-23 13:00:00,0.0
2024-03-23 13:30:00,0.0
2024-03-23 14:00:00,0.0
2024-03-23 14:30:00,0.0
2024-03-23 15:00:00,0.5719
2024-03-23 15:30:00,0.0
2024-03-23 16:00:00,0.0
2024-03-23 16:30:00,0.0
2024-03-23 17:00:00,0.0
2024-03-23 17:30:00,0.0
2024-03-23 18:00:00,0.0
2024-03-23 18:30:00,0.0
2024-03-23 19:00:00,0.0
2024-03-23 19:30:00,0.0
2024-03-23 20:00:00,0.0
2024-03-23 20:30:00,0.0
2024-03-23 21:00:00,0.0
2024-03-23 21:30:00,0.0
2024-03-23 22:00:00,0.0
2024-03-23 22:30:00,0.0
2024-03-23 23:00:00,0.0
2024-03-23 23:30:00,0.0
2024-03-24 00:00:00,0.0
2024-03-24 00:30:00,-0.3163
2024-03-24 01:00:00,0.0
2024-03-24 01:30:00,0.0
2024-03-24 02:00:00,0.0
2024-03-24 02:30:00,0.0
2024-03-24 03:00:00,-0.8779
2024-03-24 03:30:00,0.0
2024-03-24 04:00:00,0.0
2024-03-24 04:30:00,0.0
2024-03-24 05:00:00,0.0
2024-03-24 05:30:00,0.0
2024-03-24 06:00:00,0.0
2024-03-24 06:30:00,0.0
2024-03-24 07:00:00,0.0
2024-03-24 07:30:00,0.0
2024-03-24 08:00:00,0.0
2024-03-24 08:30:00,0.0
2024-03-24 09:00:00,0.0
2024-03-24 09:30:00,0.0
2024-03-24 10:00:00,0.0
2024-03-24 10:30:00,0.21955
2024-03-24 11:00:00,0.2732
2024-03-24 11:30:00,0.0
2024-03-24 12:00:00,0.0
2024-03-24 12:30:00,0.0
2024-03-24 13:00:00,0.0
2024-03-24 13:30:00,0.0
2024-03-24 14:00:00,0.0
2024-03-24 14:30:00,0.0
2024-03-24 15:00:00,0.0
2024-03-24 15:30:00,0.0
2024-03-24 16:00:00,0.0
2024-03-24 16:30:00,0.0
2024-03-24 17:00:00,0.0
2024-03-24 17:30:00,0.0
2024-03-24 18:00:00,0.0
2024-03-24 18:30:00,0.0
2024-03-24 19:00:00,0.0258
2024-03-24 19:30:00,0.0
2024-03-24 20:00:00,0.0
2024-03-24 20:30:00,0.0
2024-03-24 21:00:00,0.0
2024-03-24 21:30:00,0.0
2024-03-24 22:00:00,0.0
2024-03-24 22:30:00,0.0
2024-03-24 23:00:00,0.0
2024-03-24 23:30:00,0.0
2024-03-25 00:00:00,0.0
2024-03-25 00:30:00,0.91
2024-03-25 01:00:00,0.0
2024-03-25 01:30:00,0.0
2024-03-25 02:00:00,0.0
2024-03-25 02:30:00,0.0
2024-03-25 03:00:00,0.0
2024-03-25 03:30:00,0.9062
2024-03-25 04:00:00,0.0
2024-03-25 04:30:00,0.0
2024-03-25 05:00:00,0.0
2024-03-25 05:30:00,0.0
2024-03-25 06:00:00,0.0
2024-03-25 06:30:00,0.0
2024-03-25 07:00:00,0.0
2024-03-25 07:30:00,0.0
2024-03-25 08:00:00,0.0
2024-03-25 08:30:00,0.0
2024-03-25 09:00:00,0.0
2024-03-25 09:30:00,0.0
2024-03-25 10:00:00,0.0
2024-03-25 10:30:00,0.0
2024-03-25 11:00:00,0.0
2024-03-25 11:30:00,0.0
2024-03-25 12:00:00,0.0
2024-03-25 12:30:00,0.0
2024-03-25 13:00:00,0.0
2024-03-25 13:30:00,0.0
2024-03-25 14:00:00,0.0
2024-03-25 14:30:00,0.0
2024-03-25 15:00:00,0.0
2024-03-25 15:30:00,0.0
2024-03-25 16:00:00,0.0
2024-03-25 16:30:00,0.0
2024-03-25 17:00:00,0.0
2024-03-25 17:30:00,0.0
2024-03-25 18:00:00,0.1591
2024-03-25 18:30:00,0.0
2024-03-25 19:00:00,-0.032
2024-03-25 19:30:00,0.0
2024-03-25 20:00:00,-0.038275
2024-03-25 20:30:00,0.07066
2024-03-25 21:00:00,-0.3982
2024-03-25 21:30:00,0.1525
2024-03-25 22:00:00,0.2787
2024-03-25 22:30:00,0.12324999999999997
2024-03-25 23:00:00,0.0
2024-03-25 23:30:00,0.0
2024-03-26 00:00:00,0.0
2024-03-26 00:30:00,0.0
2024-03-26 01:00:00,0.0
2024-03-26 01:30:00,-0.17
2024-03-26 02:00:00,0.0
2024-03-26 02:30:00,0.3612
2024-03-26 03:00:00,0.0
2024-03-26 03:30:00,0.0
2024-03-26 04:00:00,-0.296
2024-03-26 04:30:00,0.0
2024-03-26 05:00:00,0.0
2024-03-26 05:30:00,0.7778
2024-03-26 06:00:00,0.4019
2024-03-26 06:30:00,0.0
2024-03-26 07:00:00,0.0
2024-03-26 07:30:00,0.296
2024-03-26 08:00:00,0.0
2024-03-26 08:30:00,0.0
2024-03-26 09:00:00,0.0
2024-03-26 09:30:00,0.0
2024-03-26 10:00:00,0.0
2024-03-26 10:30:00,0.0
2024-03-26 11:00:00,0.0
2024-03-26 11:30:00,0.0
2024-03-26 12:00:00,0.0
2024-03-26 12:30:00,0.0
2024-03-26 13:00:00,0.0
2024-03-26 13:30:00,-0.05883333333333334
2024-03-26 14:00:00,0.0
2024-03-26 14:30:00,0.0
2024-03-26 15:00:00,0.0
2024-03-26 15:30:00,0.0
2024-03-26 16:00:00,0.8658
2024-03-26 16:30:00,0.0
2024-03-26 17:00:00,0.0
2024-03-26 17:30:00,-0.06364
2024-03-26 18:00:00,0.5719
2024-03-26 18:30:00,0.0
2024-03-26 19:00:00,0.1589
2024-03-26 19:30:00,0.4019
2024-03-26 20:00:00,0.20277499999999998
2024-03-26 20:30:00,0.0
2024-03-26 21:00:00,0.25425
2024-03-26 21:30:00,0.3182
2024-03-26 22:00:00,0.91
2024-03-26 22:30:00,-0.3291
2024-03-26 23:00:00,0.0015
2024-03-26 23:30:00,0.5429
2024-03-27 00:00:00,0.405975
2024-03-27 00:30:00,0.5719
2024-03-27 01:00:00,-0.1531
2024-03-27 01:30:00,0.0
2024-03-27 02:00:00,0.5106
2024-03-27 02:30:00,0.3612
2024-03-27 03:00:00,-0.6858
2024-03-27 03:30:00,0.6908
2024-03-27 04:00:00,0.5719
2024-03-27 04:30:00,0.8225
2024-03-27 05:00:00,-0.1531
2024-03-27 05:30:00,0.0
2024-03-27 06:00:00,0.0
2024-03-27 06:30:00,0.0
2024-03-27 07:00:00,-0.1531
2024-03-27 07:30:00,0.0
2024-03-27 08:00:00,0.0
2024-03-27 08:30:00,0.0
2024-03-27 09:00:00,-0.07655
2024-03-27 09:30:00,0.0
2024-03-27 10:00:00,0.0
2024-03-27 10:30:00,0.0
2024-03-27 11:00:00,0.068
2024-03-27 11:30:00,0.0
2024-03-27 12:00:00,0.0
2024-03-27 12:30:00,0.0
2024-03-27 13:00:00,0.159225
2024-03-27 13:30:00,0.0
2024-03-27 14:00:00,0.0
2024-03-27 14:30:00,0.0
2024-03-27 15:00:00,-0.0593
2024-03-27 15:30:00,0.0
2024-03-27 16:00:00,0.2023
2024-03-27 16:30:00,0.0
2024-03-27 17:00:00,0.2027
2024-03-27 17:30:00,0.24855
2024-03-27 18:00:00,0.12386666666666667
2024-03-27 18:30:00,0.0
2024-03-27 19:00:00,0.0
2024-03-27 19:30:00,-0.11315
2024-03-27 20:00:00,0.09070000000000002
2024-03-27 20:30:00,0.0
2024-03-27 21:00:00,0.5574
2024-03-27 21:30:00,0.0
2024-03-27 22:00:00,0.34
2024-03-27 22:30:00,0.0
2024-03-27 23:00:00,0.07715
2024-03-27 23:30:00,0.0
2024-03-28 00:00:00,0.0
2024-03-28 00:30:00,0.0
2024-03-28 01:00:00,-0.4215
2024-03-28 01:30:00,0.34
2024-03-28 02:00:00,0.0
2024-03-28 02:30:00,0.0
2024-03-28 03:00:00,0.0
2024-03-28 03:30:00,-0.3071
2024-03-28 04:00:00,0.3182
2024-03-28 04:30:00,0.0
2024-03-28 05:00:00,0.0
2024-03-28 05:30:00,-0.25115
2024-03-28 06:00:00,0.0
2024-03-28 06:30:00,0.0
2024-03-28 07:00:00,0.296
2024-03-28 07:30:00,0.0
2024-03-28 08:00:00,0.0
2024-03-28 08:30:00,0.0
2024-03-28 09:00:00,0.0
2024-03-28 09:30:00,0.0
2024-03-28 10:00:00,0.0
2024-03-28 10:30:00,0.0
2024-03-28 11:00:00,0.0
2024-03-28 11:30:00,0.0
2024-03-28 12:00:00,-0.0258
2024-03-28 12:30:00,0.0
2024-03-28 13:00:00,0.0
2024-03-28 13:30:00,0.0
2024-03-28 14:00:00,0.0
2024-03-28 14:30:00,0.0
2024-03-28 15:00:00,0.0
2024-03-28 15:30:00,0.0
2024-03-28 16:00:00,0.0
2024-03-28 16:30:00,0.0
2024-03-28 17:00:00,0.0
2024-03-28 17:30:00,0.49272499999999997
2024-03-28 18:00:00,0.07345714285714287
2024-03-28 18:30:00,0.24855
2024-03-28 19:00:00,0.0
2024-03-28 19:30:00,-0.8462
2024-03-28 20:00:00,0.0
2024-03-28 20:30:00,0.0
2024-03-28 21:00:00,0.0
2024-03-28 21:30:00,0.5267
2024-03-28 22:00:00,0.0
2024-03-28 22:30:00,0.0
2024-03-28 23:00:00,0.0
2024-03-28 23:30:00,0.0
2024-03-29 00:00:00,0.0
2024-03-29 00:30:00,-0.7783
2024-03-29 01:00:00,0.0
2024-03-29 01:30:00,0.0
2024-03-29 02:00:00,0.0
2024-03-29 02:30:00,0.0
2024-03-29 03:00:00,0.0
2024-03-29 03:30:00,0.0
2024-03-29 04:00:00,0.3818
2024-03-29 04:30:00,0.0
2024-03-29 05:00:00,0.9313
2024-03-29 05:30:00,0.0
2024-03-29 06:00:00,0.0
2024-03-29 06:30:00,0.4767
2024-03-29 07:00:00,-0.1779
2024-03-29 07:30:00,0.0
2024-03-29 08:00:00,0.0
2024-03-29 08:30:00,0.0
2024-03-29 09:00:00,0.0
2024-03-29 09:30:00,0.0
2024-03-29 10:00:00,0.0
2024-03-29 10:30:00,0.0
2024-03-29 11:00:00,0.0
2024-03-29 11:30:00,0.0
2024-03-29 12:00:00,0.0
2024-03-29 12:30:00,0.0
2024-03-29 13:00:00,0.0
2024-03-29 13:30:00,0.0
2024-03-29 14:00:00,0.0
2024-03-29 14:30:00,0.0
2024-03-29 15:00:00,0.0
2024-03-29 15:30:00,0.0
2024-03-29 16:00:00,-0.3612
2024-03-29 16:30:00,0.0
2024-03-29 17:00:00,0.6808
2024-03-29 17:30:00,0.0
2024-03-29 18:00:00,-0.054349999999999996
2024-03-29 18:30:00,0.025675
2024-03-29 19:00:00,0.1998
2024-03-29 19:30:00,0.19345
2024-03-29 20:00:00,-0.0129
2024-03-29 20:30:00,-0.0593
2024-03-29 21:00:00,0.0
2024-03-29 21:30:00,0.0
2024-03-29 22:00:00,0.0
2024-03-29 22:30:00,-0.3243
2024-03-29 23:00:00,0.0
2024-03-29 23:30:00,0.3243
2024-03-30 00:00:00,0.9686
2024-03-30 00:30:00,0.0
2024-03-30 01:00:00,0.0
2024-03-30 01:30:00,0.0
2024-03-30 02:00:00,0.0
2024-03-30 02:30:00,0.0
2024-03-30 03:00:00,0.0
2024-03-30 03:30:00,0.0
2024-03-30 04:00:00,0.0
2024-03-30 04:30:00,0.2617
2024-03-30 05:00:00,0.0
2024-03-30 05:30:00,-0.14445
2024-03-30 06:00:00,0.0
2024-03-30 06:30:00,0.0
2024-03-30 07:00:00,0.0
2024-03-30 07:30:00,0.0
2024-03-30 08:00:00,0.0
2024-03-30 08:30:00,0.0
2024-03-30 09:00:00,0.0
2024-03-30 09:30:00,0.0
2024-03-30 10:00:00,0.0
2024-03-30 10:30:00,0.0
2024-03-30 11:00:00,0.0
2024-03-30 11:30:00,0.0
2024-03-30 12:00:00,0.0
2024-03-30 12:30:00,0.0
2024-03-30 13:00:00,0.0
2024-03-30 13:30:00,0.0
2024-03-30 14:00:00,0.0
2024-03-30 14:30:00,0.0
2024-03-30 15:00:00,0.0
2024-03-30 15:30:00,0.0
2024-03-30 16:00:00,0.0
2024-03-30 16:30:00,0.24695
2024-03-30 17:00:00,0.0
2024-03-30 17:30:00,0.1806
2024-03-30 18:00:00,-0.296
2024-03-30 18:30:00,0.0
2024-03-30 19:00:00,0.0386
2024-03-30 19:30:00,0.2617
2024-03-30 20:00:00,0.30333333333333334
2024-03-30 20:30:00,-0.43895
2024-03-30 21:00:00,0.0
2024-03-30 21:30:00,0.0
2024-03-30 22:00:00,0.0
2024-03-30 22:30:00,0.0
2024-03-30 23:00:00,0.0
2024-03-30 23:30:00,0.0
2024-03-31 00:00:00,0.0
2024-03-31 00:30:00,0.0
2024-03-31 01:00:00,0.0
2024-03-31 01:30:00,0.0
2024-03-31 02:00:00,-0.2732
2024-03-31 02:30:00,0.0
2024-03-31 03:00:00,0.0
2024-03-31 03:30:00,0.0
2024-03-31 04:00:00,0.0
2024-03-31 04:30:00,0.0
2024-03-31 05:00:00,0.0
2024-03-31 05:30:00,0.0
2024-03-31 06:00:00,0.0
2024-03-31 06:30:00,0.0
2024-03-31 07:00:00,0.0
2024-03-31 07:30:00,0.0
2024-03-31 08:00:00,0.0
2024-03-31 08:30:00,0.0
2024-03-31 09:00:00,0.0
2024-03-31 09:30:00,0.0
2024-03-31 10:00:00,0.0
2024-03-31 10:30:00,0.0
2024-03-31 11:00:00,0.0
2024-03-31 11:30:00,0.0
2024-03-31 12:00:00,0.0
2024-03-31 12:30:00,0.0
2024-03-31 13:00:00,0.0
2024-03-31 13:30:00,0.0
2024-03-31 14:00:00,0.0
2024-03-31 14:30:00,0.0
2024-03-31 15:00:00,0.0
2024-03-31 15:30:00,-0.0129
2024-03-31 16:00:00,0.0
2024-03-31 16:30:00,0.1998
2024-03-31 17:00:00,0.0
2024-03-31 17:30:00,0.0
2024-03-31 18:00:00,0.0
2024-03-31 18:30:00,0.0
2024-03-31 19:00:00,0.0
2024-03-31 19:30:00,0.0
2024-03-31 20:00:00,0.0
2024-03-31 20:30:00,0.0
2024-03-31 21:00:00,0.7783
2024-03-31 21:30:00,0.0
2024-03-31 22:00:00,0.0
2024-03-31 22:30:00,0.0
2024-03-31 23:00:00,0.0
2024-03-31 23:30:00,0.0
2024-04-01 00:00:00,0.0
2024-04-01 00:30:00,-0.296
2024-04-01 01:00:00,0.0
2024-04-01 01:30:00,0.0
2024-04-01 02:00:00,-0.128
2024-04-01 02:30:00,0.0
2024-04-01 03:00:00,0.0
2024-04-01 03:30:00,0.0
2024-04-01 04:00:00,0.0
2024-04-01 04:30:00,0.0
2024-04-01 05:00:00,0.0
2024-04-01 05:30:00,0.0
2024-04-01 06:00:00,0.0
2024-04-01 06:30:00,0.0
2024-04-01 07:00:00,0.0
2024-04-01 07:30:00,-0.0772
2024-04-01 08:00:00,0.0
2024-04-01 08:30:00,0.0
2024-04-01 09:00:00,0.0
2024-04-01 09:30:00,0.0
2024-04-01 10:00:00,0.13085
2024-04-01 10:30:00,0.194575
2024-04-01 11:00:00,0.0
2024-04-01 11:30:00,0.0
2024-04-01 12:00:00,-0.3252
2024-04-01 12:30:00,0.0
2024-04-01 13:00:00,0.0
2024-04-01 13:30:00,0.0
2024-04-01 14:00:00,0.0
2024-04-01 14:30:00,0.0
2024-04-01 15:00:00,0.7579
2024-04-01 15:30:00,0.09531666666666666
2024-04-01 16:00:00,0.0
2024-04-01 16:30:00,0.0
2024-04-01 17:00:00,0.1785
2024-04-01 17:30:00,0.050575
2024-04-01 18:00:00,0.5270666666666667
2024-04-01 18:30:00,0.0
2024-04-01 19:00:00,0.30046
2024-04-01 19:30:00,-0.2732
2024-04-01 20:00:00,0.0
2024-04-01 20:30:00,0.0
2024-04-01 21:00:00,0.0
2024-04-01 21:30:00,0.0
2024-04-01 22:00:00,0.0
2024-04-01 22:30:00,-0.3384
2024-04-01 23:00:00,0.0
2024-04-01 23:30:00,0.6249
2024-04-02 00:00:00,0.5795666666666667
2024-04-02 00:30:00,0.0772
2024-04-02 01:00:00,0.0
2024-04-02 01:30:00,0.0
2024-04-02 02:00:00,0.0
2024-04-02 02:30:00,0.0
2024-04-02 03:00:00,0.0
2024-04-02 03:30:00,0.0
2024-04-02 04:00:00,0.026416666666666682
2024-04-02 04:30:00,0.0
2024-04-02 05:00:00,0.0
2024-04-02 05:30:00,0.0
2024-04-02 06:00:00,-0.21989999999999998
2024-04-02 06:30:00,0.0
2024-04-02 07:00:00,0.0
2024-04-02 07:30:00,0.0
2024-04-02 08:00:00,0.0
2024-04-02 08:30:00,0.0
2024-04-02 09:00:00,0.0
2024-04-02 09:30:00,0.0
2024-04-02 10:00:00,0.0
2024-04-02 10:30:00,0.4939
2024-04-02 11:00:00,0.0
2024-04-02 11:30:00,0.0
2024-04-02 12:00:00,0.0
2024-04-02 12:30:00,0.3182
2024-04-02 13:00:00,0.0
2024-04-02 13:30:00,0.0
2024-04-02 14:00:00,0.0
2024-04-02 14:30:00,-0.12765
2024-04-02 15:00:00,0.09866666666666667
2024-04-02 15:30:00,0.0
2024-04-02 16:00:00,0.0
2024-04-02 16:30:00,0.2382
2024-04-02 17:00:00,-0.00016363636363637336
2024-04-02 17:30:00,-0.019944444444444445
2024-04-02 18:00:00,0.0
2024-04-02 18:30:00,0.0
2024-04-02 19:00:00,0.0
2024-04-02 19:30:00,-0.074
2024-04-02 20:00:00,0.0
2024-04-02 20:30:00,0.0
2024-04-02 21:00:00,0.0
2024-04-02 21:30:00,0.0
2024-04-02 22:00:00,0.0
2024-04-02 22:30:00,0.3612
2024-04-02 23:00:00,-0.2553
2024-04-02 23:30:00,-0.0258
2024-04-03 00:00:00,-0.022866666666666664
2024-04-03 00:30:00,-0.296
2024-04-03 01:00:00,0.0
2024-04-03 01:30:00,0.0
2024-04-03 02:00:00,-0.04883333333333336
2024-04-03 02:30:00,0.5859
2024-04-03 03:00:00,-0.3626
2024-04-03 03:30:00,0.0
2024-04-03 04:00:00,-0.0044500000000000026
2024-04-03 04:30:00,-0.199
2024-04-03 05:00:00,0.0
2024-04-03 05:30:00,-0.357
2024-04-03 06:00:00,0.0
2024-04-03 06:30:00,0.0
2024-04-03 07:00:00,0.0
2024-04-03 07:30:00,0.8555
2024-04-03 08:00:00,0.0
2024-04-03 08:30:00,0.0
2024-04-03 09:00:00,0.0
2024-04-03 09:30:00,0.0
2024-04-03 10:00:00,0.0
2024-04-03 10:30:00,0.0
2024-04-03 11:00:00,0.0
2024-04-03 11:30:00,0.0
2024-04-03 12:00:00,0.0
2024-04-03 12:30:00,0.0
2024-04-03 13:00:00,0.0
2024-04-03 13:30:00,0.0
2024-04-03 14:00:00,0.0
2024-04-03 14:30:00,0.0
2024-04-03 15:00:00,0.0
2024-04-03 15:30:00,0.0
2024-04-03 16:00:00,0.0
2024-04-03 16:30:00,0.0837
2024-04-03 17:00:00,-0.27115
2024-04-03 17:30:00,0.0
2024-04-03 18:00:00,0.18646666666666667
2024-04-03 18:30:00,-0.07842857142857143
2024-04-03 19:00:00,0.0
2024-04-03 19:30:00,0.0
2024-04-03 20:00:00,-0.29295
2024-04-03 20:30:00,-0.07252
2024-04-03 21:00:00,-0.042666666666666665
2024-04-03 21:30:00,-0.266
2024-04-03 22:00:00,-0.23725
2024-04-03 22:30:00,-0.0607
2024-04-03 23:00:00,-0.6369
2024-04-03 23:30:00,0.16257500000000003
2024-04-04 00:00:00,0.3724
2024-04-04 00:30:00,-0.3182
2024-04-04 01:00:00,0.0
2024-04-04 01:30:00,0.3506
2024-04-04 02:00:00,0.296
2024-04-04 02:30:00,0.0
2024-04-04 03:00:00,0.9382
2024-04-04 03:30:00,0.0
2024-04-04 04:00:00,0.7351
2024-04-04 04:30:00,0.0
2024-04-04 05:00:00,0.0
2024-04-04 05:30:00,0.0
2024-04-04 06:00:00,0.0
2024-04-04 06:30:00,0.0
2024-04-04 07:00:00,0.0
2024-04-04 07:30:00,0.0
2024-04-04 08:00:00,0.0
2024-04-04 08:30:00,0.0
2024-04-04 09:00:00,0.296
2024-04-04 09:30:00,0.0
2024-04-04 10:00:00,0.0
2024-04-04 10:30:00,0.0
2024-04-04 11:00:00,-0.5423
2024-04-04 11:30:00,0.0
2024-04-04 12:00:00,0.0
2024-04-04 12:30:00,0.5994
2024-04-04 13:00:00,-0.2235
2024-04-04 13:30:00,0.0
2024-04-04 14:00:00,0.0
2024-04-04 14:30:00,0.0
2024-04-04 15:00:00,0.0
2024-04-04 15:30:00,0.0
2024-04-04 16:00:00,-0.24635
2024-04-04 16:30:00,0.0
2024-04-04 17:00:00,-0.24245999999999998
2024-04-04 17:30:00,0.0
2024-04-04 18:00:00,0.5106
2024-04-04 18:30:00,-0.14865
2024-04-04 19:00:00,0.17722
2024-04-04 19:30:00,0.0
2024-04-04 20:00:00,0.110575
2024-04-04 20:30:00,0.0258
2024-04-04 21:00:00,-0.1304
2024-04-04 21:30:00,0.7096
2024-04-04 22:00:00,0.0
2024-04-04 22:30:00,-0.19193333333333332
2024-04-04 23:00:00,-0.4588
2024-04-04 23:30:00,0.0
2024-04-05 00:00:00,0.0
2024-04-05 00:30:00,-0.34
2024-04-05 01:00:00,0.0
2024-04-05 01:30:00,0.0
2024-04-05 02:00:00,0.0
2024-04-05 02:30:00,0.0
2024-04-05 03:00:00,0.0
2024-04-05 03:30:00,0.3939
2024-04-05 04:00:00,0.4939
2024-04-05 04:30:00,0.0
2024-04-05 05:00:00,0.3918333333333333
2024-04-05 05:30:00,0.0
2024-04-05 06:00:00,-0.7717
2024-04-05 06:30:00,0.0
2024-04-05 07:00:00,0.0
2024-04-05 07:30:00,0.0
2024-04-05 08:00:00,0.0
2024-04-05 08:30:00,0.0
2024-04-05 09:00:00,0.0
2024-04-05 09:30:00,0.0
2024-04-05 10:00:00,0.0
2024-04-05 10:30:00,0.0
2024-04-05 11:00:00,0.0
2024-04-05 11:30:00,0.0
2024-04-05 12:00:00,0.0
2024-04-05 12:30:00,0.0
2024-04-05 13:00:00,-0.12498000000000001
2024-04-05 13:30:00,0.0
2024-04-05 14:00:00,0.0
2024-04-05 14:30:00,0.0
2024-04-05 15:00:00,0.08895
2024-04-05 15:30:00,0.0
2024-04-05 16:00:00,-0.13596666666666668
2024-04-05 16:30:00,0.0019
2024-04-05 17:00:00,-0.03423333333333333
2024-04-05 17:30:00,0.12726666666666667
2024-04-05 18:00:00,0.0
2024-04-05 18:30:00,-0.13734285714285716
2024-04-05 19:00:00,-0.097125
2024-04-05 19:30:00,0.008139999999999991
2024-04-05 20:00:00,-0.2997
2024-04-05 20:30:00,-0.148
2024-04-05 21:00:00,0.36765000000000003
2024-04-05 21:30:00,0.0258
2024-04-05 22:00:00,0.4939
2024-04-05 22:30:00,-0.17020000000000002
2024-04-05 23:00:00,0.22923333333333332
2024-04-05 23:30:00,0.006599999999999995
2024-04-06 00:00:00,0.1806
2024-04-06 00:30:00,0.0
2024-04-06 01:00:00,0.3182
2024-04-06 01:30:00,0.19787500000000002
2024-04-06 02:00:00,0.0
2024-04-06 02:30:00,0.1406
2024-04-06 03:00:00,0.34
2024-04-06 03:30:00,0.0
2024-04-06 04:00:00,0.2532888888888889
2024-04-06 04:30:00,0.2373
2024-04-06 05:00:00,0.0
2024-04-06 05:30:00,0.0
2024-04-06 06:00:00,-0.21689999999999998
2024-04-06 06:30:00,0.0
2024-04-06 07:00:00,0.1358
2024-04-06 07:30:00,0.0
2024-04-06 08:00:00,-0.4588
2024-04-06 08:30:00,0.0
2024-04-06 09:00:00,0.4391
2024-04-06 09:30:00,0.0
2024-04-06 10:00:00,0.0
2024-04-06 10:30:00,0.0
2024-04-06 11:00:00,0.0
2024-04-06 11:30:00,0.0
2024-04-06 12:00:00,0.0
2024-04-06 12:30:00,0.0
2024-04-06 13:00:00,0.0
2024-04-06 13:30:00,0.0
2024-04-06 14:00:00,0.0
2024-04-06 14:30:00,0.0
2024-04-06 15:00:00,0.0
2024-04-06 15:30:00,-0.05135
2024-04-06 16:00:00,0.0
2024-04-06 16:30:00,0.0
2024-04-06 17:00:00,0.2716
2024-04-06 17:30:00,-0.008199999999999985
2024-04-06 18:00:00,0.0
2024-04-06 18:30:00,0.0
2024-04-06 19:00:00,0.2023
2024-04-06 19:30:00,0.0
2024-04-06 20:00:00,0.0
2024-04-06 20:30:00,0.7501
2024-04-06 21:00:00,0.0
2024-04-06 21:30:00,0.0
2024-04-06 22:00:00,0.0
2024-04-06 22:30:00,0.0
2024-04-06 23:00:00,0.0
2024-04-06 23:30:00,0.0
2024-04-07 00:00:00,0.0
2024-04-07 00:30:00,0.0
2024-04-07 01:00:00,0.0
2024-04-07 01:30:00,0.0
2024-04-07 02:00:00,-0.1531
2024-04-07 02:30:00,0.0
2024-04-07 03:00:00,0.6249
2024-04-07 03:30:00,0.0
2024-04-07 04:00:00,0.0
2024-04-07 04:30:00,0.0
2024-04-07 05:00:00,0.0
2024-04-07 05:30:00,0.0
2024-04-07 06:00:00,0.0
2024-04-07 06:30:00,0.0
2024-04-07 07:00:00,0.0
2024-04-07 07:30:00,0.0
2024-04-07 08:00:00,0.0
2024-04-07 08:30:00,0.2732
2024-04-07 09:00:00,0.0
2024-04-07 09:30:00,0.0
2024-04-07 10:00:00,0.0
2024-04-07 10:30:00,0.0
2024-04-07 11:00:00,0.0
2024-04-07 11:30:00,0.0
2024-04-07 12:00:00,0.0
2024-04-07 12:30:00,0.4588
2024-04-07 13:00:00,0.0
2024-04-07 13:30:00,0.0
2024-04-07 14:00:00,0.0
2024-04-07 14:30:00,0.0
2024-04-07 15:00:00,-0.455
2024-04-07 15:30:00,0.0
2024-04-07 16:00:00,0.0
2024-04-07 16:30:00,-0.0754
2024-04-07 17:00:00,-0.2732
2024-04-07 17:30:00,0.0
2024-04-07 18:00:00,0.0
2024-04-07 18:30:00,0.0
2024-04-07 19:00:00,0.0
2024-04-07 19:30:00,0.0
2024-04-07 20:00:00,0.0
2024-04-07 20:30:00,0.0
2024-04-07 21:00:00,-0.9022
2024-04-07 21:30:00,0.0
2024-04-07 22:00:00,0.0
2024-04-07 22:30:00,0.0
2024-04-07 23:00:00,0.0
2024-04-07 23:30:00,0.0
2024-04-08 00:00:00,0.8271
2024-04-08 00:30:00,0.0
2024-04-08 01:00:00,0.0
2024-04-08 01:30:00,0.0
2024-04-08 02:00:00,0.0
2024-04-08 02:30:00,0.0
2024-04-08 03:00:00,0.0
2024-04-08 03:30:00,0.0
2024-04-08 04:00:00,0.2263
2024-04-08 04:30:00,0.0
2024-04-08 05:00:00,0.8225
2024-04-08 05:30:00,0.0
2024-04-08 06:00:00,0.0
2024-04-08 06:30:00,0.5267
2024-04-08 07:00:00,0.0
2024-04-08 07:30:00,0.0
2024-04-08 08:00:00,0.0
2024-04-08 08:30:00,0.0
2024-04-08 09:00:00,0.8271
2024-04-08 09:30:00,0.0
2024-04-08 10:00:00,0.0
2024-04-08 10:30:00,0.0
2024-04-08 11:00:00,0.0
2024-04-08 11:30:00,0.0
2024-04-08 12:00:00,0.0
2024-04-08 12:30:00,0.0
2024-04-08 13:00:00,0.0
2024-04-08 13:30:00,0.0
2024-04-08 14:00:00,0.16463333333333333
2024-04-08 14:30:00,0.0
2024-04-08 15:00:00,0.152925
2024-04-08 15:30:00,0.0
2024-04-08 16:00:00,0.0734
2024-04-08 16:30:00,0.0
2024-04-08 17:00:00,0.26644999999999996
2024-04-08 17:30:00,0.06436
2024-04-08 18:00:00,0.008350000000000024
2024-04-08 18:30:00,0.056575
2024-04-08 19:00:00,-0.05103333333333334
2024-04-08 19:30:00,0.20413333333333336
2024-04-08 20:00:00,-0.3994
2024-04-08 20:30:00,0.181725
2024-04-08 21:00:00,-0.12925
2024-04-08 21:30:00,-0.148
2024-04-08 22:00:00,0.3095
2024-04-08 22:30:00,0.03000000000000001
2024-04-08 23:00:00,0.7314
2024-04-08 23:30:00,0.581825
2024-04-09 00:00:00,0.0
2024-04-09 00:30:00,-0.36819999999999997
2024-04-09 01:00:00,0.5719
2024-04-09 01:30:00,-0.28795000000000004
2024-04-09 02:00:00,0.3062
2024-04-09 02:30:00,0.8176
2024-04-09 03:00:00,0.9269499999999999
2024-04-09 03:30:00,0.0
2024-04-09 04:00:00,-0.025474999999999998
2024-04-09 04:30:00,0.2523
2024-04-09 05:00:00,-0.8126
2024-04-09 05:30:00,0.0
2024-04-09 06:00:00,-0.9524
2024-04-09 06:30:00,0.6705
2024-04-09 07:00:00,-0.6155
2024-04-09 07:30:00,0.0
2024-04-09 08:00:00,0.0
2024-04-09 08:30:00,0.0
2024-04-09 09:00:00,0.2732
2024-04-09 09:30:00,0.0
2024-04-09 10:00:00,0.0
2024-04-09 10:30:00,-0.34757499999999997
2024-04-09 11:00:00,0.22655
2024-04-09 11:30:00,0.0
2024-04-09 12:00:00,0.269
2024-04-09 12:30:00,0.0
2024-04-09 13:00:00,0.12201428571428571
2024-04-09 13:30:00,0.0
2024-04-09 14:00:00,0.0
2024-04-09 14:30:00,-0.1591
2024-04-09 15:00:00,-0.19794
2024-04-09 15:30:00,0.0
2024-04-09 16:00:00,-0.5091666666666667
2024-04-09 16:30:00,0.4158
2024-04-09 17:00:00,0.15873333333333337
2024-04-09 17:30:00,-0.13063333333333335
2024-04-09 18:00:00,0.1591
2024-04-09 18:30:00,-0.09075
2024-04-09 19:00:00,0.0
2024-04-09 19:30:00,-0.3715
2024-04-09 20:00:00,0.0
2024-04-09 20:30:00,0.0
2024-04-09 21:00:00,0.0
2024-04-09 21:30:00,0.0
2024-04-09 22:00:00,0.0
2024-04-09 22:30:00,0.0
2024-04-09 23:00:00,0.0
2024-04-09 23:30:00,0.0
2024-04-10 00:00:00,0.0
2024-04-10 00:30:00,0.0
2024-04-10 01:00:00,0.0
2024-04-10 01:30:00,0.0
2024-04-10 02:00:00,0.0
2024-04-10 02:30:00,0.0
2024-04-10 03:00:00,0.0
2024-04-10 03:30:00,0.0
2024-04-10 04:00:00,-0.5699333333333333
2024-04-10 04:30:00,-0.743
2024-04-10 05:00:00,0.0
2024-04-10 05:30:00,0.0
2024-04-10 06:00:00,0.0
2024-04-10 06:30:00,0.0
2024-04-10 07:00:00,0.296
2024-04-10 07:30:00,0.0
2024-04-10 08:00:00,0.0
2024-04-10 08:30:00,0.0
2024-04-10 09:00:00,0.0
2024-04-10 09:30:00,0.0
2024-04-10 10:00:00,0.0
2024-04-10 10:30:00,0.0
2024-04-10 11:00:00,0.0
2024-04-10 11:30:00,0.0
2024-04-10 12:00:00,0.0
2024-04-10 12:30:00,0.0
2024-04-10 13:00:00,0.0
2024-04-10 13:30:00,0.025733333333333334
2024-04-10 14:00:00,0.0
2024-04-10 14:30:00,0.0
2024-04-10 15:00:00,0.1468
2024-04-10 15:30:00,0.0
2024-04-10 16:00:00,0.41356666666666664
2024-04-10 16:30:00,0.0
2024-04-10 17:00:00,0.0838
2024-04-10 17:30:00,0.0
2024-04-10 18:00:00,0.0
2024-04-10 18:30:00,-0.00645
2024-04-10 19:00:00,0.0
2024-04-10 19:30:00,0.07636
2024-04-10 20:00:00,0.119175
2024-04-10 20:30:00,-0.20739999999999997
2024-04-10 21:00:00,0.0
2024-04-10 21:30:00,0.0
2024-04-10 22:00:00,-0.0516
2024-04-10 22:30:00,0.0
2024-04-10 23:00:00,0.2553
2024-04-10 23:30:00,0.32237499999999997
2024-04-11 00:00:00,-0.5267
2024-04-11 00:30:00,0.07455
2024-04-11 01:00:00,0.0
2024-04-11 01:30:00,0.0
2024-04-11 02:00:00,0.0
2024-04-11 02:30:00,0.0
2024-04-11 03:00:00,0.0
2024-04-11 03:30:00,0.7184
2024-04-11 04:00:00,0.0
2024-04-11 04:30:00,-0.4939
2024-04-11 05:00:00,0.0
2024-04-11 05:30:00,0.0
2024-04-11 06:00:00,0.0
2024-04-11 06:30:00,0.0
2024-04-11 07:00:00,0.0
2024-04-11 07:30:00,0.0
2024-04-11 08:00:00,0.1779
2024-04-11 08:30:00,-0.5994
2024-04-11 09:00:00,0.0
2024-04-11 09:30:00,0.0
2024-04-11 10:00:00,0.0
2024-04-11 10:30:00,0.0
2024-04-11 11:00:00,0.0
2024-04-11 11:30:00,0.0
2024-04-11 12:00:00,0.0
2024-04-11 12:30:00,0.6705
2024-04-11 13:00:00,0.0
2024-04-11 13:30:00,-0.3123666666666667
2024-04-11 14:00:00,-0.0258
2024-04-11 14:30:00,0.0
2024-04-11 15:00:00,0.0
2024-04-11 15:30:00,0.0
2024-04-11 16:00:00,0.1926
2024-04-11 16:30:00,0.0
2024-04-11 17:00:00,0.0
2024-04-11 17:30:00,0.0
2024-04-11 18:00:00,0.0
2024-04-11 18:30:00,0.0
2024-04-11 19:00:00,0.172525
2024-04-11 19:30:00,-0.08469999999999998
2024-04-11 20:00:00,-0.17316666666666666
2024-04-11 20:30:00,0.0
2024-04-11 21:00:00,-0.0516
2024-04-11 21:30:00,0.0
2024-04-11 22:00:00,0.2868
2024-04-11 22:30:00,0.0
2024-04-11 23:00:00,0.4201
2024-04-11 23:30:00,0.0
2024-04-12 00:00:00,0.0
2024-04-12 00:30:00,0.0663
2024-04-12 01:00:00,0.0
2024-04-12 01:30:00,0.0
2024-04-12 02:00:00,0.0
2024-04-12 02:30:00,0.34
2024-04-12 03:00:00,0.0
2024-04-12 03:30:00,0.0
2024-04-12 04:00:00,-0.9217
2024-04-12 04:30:00,0.46526666666666666
2024-04-12 05:00:00,0.0
2024-04-12 05:30:00,0.0
2024-04-12 06:00:00,-0.296
2024-04-12 06:30:00,0.0
2024-04-12 07:00:00,0.0
2024-04-12 07:30:00,0.0
2024-04-12 08:00:00,0.0
2024-04-12 08:30:00,0.0
2024-04-12 09:00:00,0.0
2024-04-12 09:30:00,0.0
2024-04-12 10:00:00,0.0
2024-04-12 10:30:00,0.0
2024-04-12 11:00:00,0.0
2024-04-12 11:30:00,0.0
2024-04-12 12:00:00,0.0
2024-04-12 12:30:00,0.0
2024-04-12 13:00:00,0.0
2024-04-12 13:30:00,0.0
2024-04-12 14:00:00,0.0
2024-04-12 14:30:00,0.0
2024-04-12 15:00:00,0.0
2024-04-12 15:30:00,0.0
2024-04-12 16:00:00,0.1672
2024-04-12 16:30:00,0.0
2024-04-12 17:00:00,0.27038
2024-04-12 17:30:00,0.1406
2024-04-12 18:00:00,0.13616
2024-04-12 18:30:00,-0.31245
2024-04-12 19:00:00,0.2235
2024-04-12 19:30:00,0.2553
2024-04-12 20:00:00,0.0
2024-04-12 20:30:00,0.0
2024-04-12 21:00:00,0.0
2024-04-12 21:30:00,-0.9403
2024-04-12 22:00:00,-0.6808
2024-04-12 22:30:00,-0.1531
2024-04-12 23:00:00,0.26713333333333333
2024-04-12 23:30:00,0.9231
2024-04-13 00:00:00,-0.4019
2024-04-13 00:30:00,0.0
2024-04-13 01:00:00,0.0
2024-04-13 01:30:00,0.296
2024-04-13 02:00:00,0.0
2024-04-13 02:30:00,0.1779
2024-04-13 03:00:00,0.8386
2024-04-13 03:30:00,0.0
2024-04-13 04:00:00,0.7211000000000001
2024-04-13 04:30:00,0.0
2024-04-13 05:00:00,0.5574
2024-04-13 05:30:00,0.0
2024-04-13 06:00:00,0.0
2024-04-13 06:30:00,0.7506
2024-04-13 07:00:00,0.4497
2024-04-13 07:30:00,0.0
2024-04-13 08:00:00,0.0
2024-04-13 08:30:00,0.0
2024-04-13 09:00:00,0.0
2024-04-13 09:30:00,0.09866666666666667
2024-04-13 10:00:00,0.0
2024-04-13 10:30:00,0.0
2024-04-13 11:00:00,0.0
2024-04-13 11:30:00,0.0
2024-04-13 12:00:00,0.0
2024-04-13 12:30:00,0.0
2024-04-13 13:00:00,0.0
2024-04-13 13:30:00,0.0
2024-04-13 14:00:00,0.0
2024-04-13 14:30:00,-0.6249
2024-04-13 15:00:00,0.4588
2024-04-13 15:30:00,0.0
2024-04-13 16:00:00,0.0
2024-04-13 16:30:00,0.0
2024-04-13 17:00:00,0.0
2024-04-13 17:30:00,0.0
2024-04-13 18:00:00,-0.5423
2024-04-13 18:30:00,0.0
2024-04-13 19:00:00,0.0
2024-04-13 19:30:00,0.0
2024-04-13 20:00:00,0.0
2024-04-13 20:30:00,0.0
2024-04-13 21:00:00,0.0
2024-04-13 21:30:00,0.0
2024-04-13 22:00:00,-0.1027
2024-04-13 22:30:00,0.0
2024-04-13 23:00:00,0.0
2024-04-13 23:30:00,-0.5574
2024-04-14 00:00:00,0.0
2024-04-14 00:30:00,0.0
2024-04-14 01:00:00,0.0
2024-04-14 01:30:00,0.0
2024-04-14 02:00:00,0.6369
2024-04-14 02:30:00,0.0
2024-04-14 03:00:00,0.0
2024-04-14 03:30:00,0.0
2024-04-14 04:00:00,-0.4019
2024-04-14 04:30:00,0.0
2024-04-14 05:00:00,0.0
2024-04-14 05:30:00,0.0
2024-04-14 06:00:00,0.0
2024-04-14 06:30:00,0.0
2024-04-14 07:00:00,0.0
2024-04-14 07:30:00,0.0
2024-04-14 08:00:00,0.0
2024-04-14 08:30:00,0.0
2024-04-14 09:00:00,0.0
2024-04-14 09:30:00,0.0
2024-04-14 10:00:00,0.0
2024-04-14 10:30:00,0.0
2024-04-14 11:00:00,0.0
2024-04-14 11:30:00,0.9531
2024-04-14 12:00:00,0.0
2024-04-14 12:30:00,0.0
2024-04-14 13:00:00,0.0
2024-04-14 13:30:00,0.0
2024-04-14 14:00:00,0.0
2024-04-14 14:30:00,0.0
2024-04-14 15:00:00,0.0
2024-04-14 15:30:00,0.0
2024-04-14 16:00:00,0.0
2024-04-14 16:30:00,0.0
2024-04-14 17:00:00,0.0
2024-04-14 17:30:00,0.0
2024-04-14 18:00:00,0.0
2024-04-14 18:30:00,0.0
2024-04-14 19:00:00,0.0
2024-04-14 19:30:00,0.0
2024-04-14 20:00:00,0.0
2024-04-14 20:30:00,0.0
2024-04-14 21:00:00,0.4588
2024-04-14 21:30:00,0.0
2024-04-14 22:00:00,0.0
2024-04-14 22:30:00,0.6908
2024-04-14 23:00:00,0.0
2024-04-14 23:30:00,0.0
2024-04-15 00:00:00,0.0
2024-04-15 00:30:00,0.0
2024-04-15 01:00:00,0.0
2024-04-15 01:30:00,0.0
2024-04-15 02:00:00,0.0
2024-04-15 02:30:00,0.0
2024-04-15 03:00:00,0.0
2024-04-15 03:30:00,0.0
2024-04-15 04:00:00,0.0
2024-04-15 04:30:00,0.0
2024-04-15 05:00:00,0.0
2024-04-15 05:30:00,0.0
2024-04-15 06:00:00,0.0
2024-04-15 06:30:00,0.0
2024-04-15 07:00:00,0.0
2024-04-15 07:30:00,0.0
2024-04-15 08:00:00,0.0
2024-04-15 08:30:00,0.0
2024-04-15 09:00:00,0.0
2024-04-15 09:30:00,0.0
2024-04-15 10:00:00,0.0
2024-04-15 10:30:00,0.0
2024-04-15 11:00:00,0.0
2024-04-15 11:30:00,0.0
2024-04-15 12:00:00,0.0
2024-04-15 12:30:00,0.0
2024-04-15 13:00:00,0.0
2024-04-15 13:30:00,0.0
2024-04-15 14:00:00,0.0
2024-04-15 14:30:00,-0.2716
2024-04-15 15:00:00,0.0
2024-04-15 15:30:00,0.0
2024-04-15 16:00:00,0.0
2024-04-15 16:30:00,0.17556666666666665
2024-04-15 17:00:00,0.0
2024-04-15 17:30:00,0.2008
2024-04-15 18:00:00,0.0
2024-04-15 18:30:00,-0.15123333333333333
2024-04-15 19:00:00,0.01544
2024-04-15 19:30:00,0.26253333333333334
2024-04-15 20:00:00,-0.2423
2024-04-15 20:30:00,0.20746000000000003
2024-04-15 21:00:00,0.0
2024-04-15 21:30:00,0.0
2024-04-15 22:00:00,0.0
2024-04-15 22:30:00,0.0
2024-04-15 23:00:00,-0.2147
2024-04-15 23:30:00,-0.4939
2024-04-16 00:00:00,0.0
2024-04-16 00:30:00,0.0
2024-04-16 01:00:00,0.0
2024-04-16 01:30:00,0.0
2024-04-16 02:00:00,0.335075
2024-04-16 02:30:00,0.0
2024-04-16 03:00:00,0.0
2024-04-16 03:30:00,0.0
2024-04-16 04:00:00,-0.21025000000000002
2024-04-16 04:30:00,0.5223249999999999
2024-04-16 05:00:00,-0.7269
2024-04-16 05:30:00,0.0
2024-04-16 06:00:00,0.0
2024-04-16 06:30:00,-0.4404
2024-04-16 07:00:00,0.0
2024-04-16 07:30:00,0.296
2024-04-16 08:00:00,0.0
2024-04-16 08:30:00,0.0
2024-04-16 09:00:00,0.0
2024-04-16 09:30:00,0.0
2024-04-16 10:00:00,0.0
2024-04-16 10:30:00,-0.06743333333333333
2024-04-16 11:00:00,0.0
2024-04-16 11:30:00,0.0
2024-04-16 12:00:00,0.0
2024-04-16 12:30:00,0.0
2024-04-16 13:00:00,0.0
2024-04-16 13:30:00,0.0
2024-04-16 14:00:00,0.0
2024-04-16 14:30:00,-0.3753
2024-04-16 15:00:00,-0.10846
2024-04-16 15:30:00,0.0
2024-04-16 16:00:00,0.0
2024-04-16 16:30:00,0.26913333333333334
2024-04-16 17:00:00,0.45363333333333333
2024-04-16 17:30:00,0.0
2024-04-16 18:00:00,0.0
2024-04-16 18:30:00,0.0
2024-04-16 19:00:00,0.044475
2024-04-16 19:30:00,-0.31245
2024-04-16 20:00:00,0.0
2024-04-16 20:30:00,0.10916666666666668
2024-04-16 21:00:00,0.0
2024-04-16 21:30:00,0.012075000000000002
2024-04-16 22:00:00,0.11295999999999999
2024-04-16 22:30:00,0.2593
2024-04-16 23:00:00,-0.28695000000000004
2024-04-16 23:30:00,-0.128
2024-04-17 00:00:00,0.0
2024-04-17 00:30:00,-0.6943
2024-04-17 01:00:00,0.0
2024-04-17 01:30:00,-0.12315000000000001
2024-04-17 02:00:00,0.0
2024-04-17 02:30:00,-0.2263
2024-04-17 03:00:00,0.0
2024-04-17 03:30:00,0.5106
2024-04-17 04:00:00,0.25
2024-04-17 04:30:00,0.4767
2024-04-17 05:00:00,0.0
2024-04-17 05:30:00,0.46075
2024-04-17 06:00:00,0.0
2024-04-17 06:30:00,0.0
2024-04-17 07:00:00,0.0
2024-04-17 07:30:00,0.0
2024-04-17 08:00:00,0.0
2024-04-17 08:30:00,0.0
2024-04-17 09:00:00,0.0
2024-04-17 09:30:00,0.0
2024-04-17 10:00:00,0.0
2024-04-17 10:30:00,0.0
2024-04-17 11:00:00,0.0
2024-04-17 11:30:00,0.0
2024-04-17 12:00:00,0.0
2024-04-17 12:30:00,0.0
2024-04-17 13:00:00,-0.08895
2024-04-17 13:30:00,0.0
2024-04-17 14:00:00,0.0
2024-04-17 14:30:00,0.0
2024-04-17 15:00:00,-0.17020000000000002
2024-04-17 15:30:00,-0.17020000000000002
2024-04-17 16:00:00,0.0
2024-04-17 16:30:00,-0.08510000000000001
2024-04-17 17:00:00,-0.2553
2024-04-17 17:30:00,0.205625
2024-04-17 18:00:00,0.0
2024-04-17 18:30:00,0.0
2024-04-17 19:00:00,-0.029099999999999987
2024-04-17 19:30:00,0.0
2024-04-17 20:00:00,0.125
2024-04-17 20:30:00,-0.08510000000000001
2024-04-17 21:00:00,0.0
2024-04-17 21:30:00,-0.765
2024-04-17 22:00:00,-0.1624
2024-04-17 22:30:00,0.3257333333333333
2024-04-17 23:00:00,-0.13294999999999998
2024-04-17 23:30:00,0.1027
2024-04-18 00:00:00,0.0
2024-04-18 00:30:00,-0.1027
2024-04-18 01:00:00,0.0
2024-04-18 01:30:00,0.3467
2024-04-18 02:00:00,0.0
2024-04-18 02:30:00,0.0
2024-04-18 03:00:00,0.0
2024-04-18 03:30:00,0.0
2024-04-18 04:00:00,-0.8636
2024-04-18 04:30:00,0.19415
2024-04-18 05:00:00,0.9912
2024-04-18 05:30:00,0.42379999999999995
2024-04-18 06:00:00,0.0
2024-04-18 06:30:00,0.0
2024-04-18 07:00:00,0.0
2024-04-18 07:30:00,0.0
2024-04-18 08:00:00,0.0
2024-04-18 08:30:00,0.0
2024-04-18 09:00:00,0.0
2024-04-18 09:30:00,0.0
2024-04-18 10:00:00,0.0
2024-04-18 10:30:00,0.0
2024-04-18 11:00:00,0.0
2024-04-18 11:30:00,0.0
2024-04-18 12:00:00,-0.3818
2024-04-18 12:30:00,0.0
2024-04-18 13:00:00,-0.14198333333333332
2024-04-18 13:30:00,0.0
2024-04-18 14:00:00,0.0
2024-04-18 14:30:00,0.0
2024-04-18 15:00:00,0.0
2024-04-18 15:30:00,0.0
2024-04-18 16:00:00,0.20976666666666666
2024-04-18 16:30:00,0.11608571428571428
2024-04-18 17:00:00,0.09501666666666665
2024-04-18 17:30:00,0.0872
2024-04-18 18:00:00,0.0
2024-04-18 18:30:00,0.10115
2024-04-18 19:00:00,-0.06796666666666666
2024-04-18 19:30:00,0.0
2024-04-18 20:00:00,0.18915
2024-04-18 20:30:00,0.0
2024-04-18 21:00:00,0.41960000000000003
2024-04-18 21:30:00,-0.12340000000000001
2024-04-18 22:00:00,-0.41095
2024-04-18 22:30:00,-0.44955
2024-04-18 23:00:00,0.24545
2024-04-18 23:30:00,-0.777
2024-04-19 00:00:00,0.064
2024-04-19 00:30:00,0.0
2024-04-19 01:00:00,-0.0056
2024-04-19 01:30:00,0.0
2024-04-19 02:00:00,0.0
2024-04-19 02:30:00,0.0772
2024-04-19 03:00:00,-0.0772
2024-04-19 03:30:00,0.0
2024-04-19 04:00:00,-0.2592
2024-04-19 04:30:00,0.765
2024-04-19 05:00:00,-0.25
2024-04-19 05:30:00,0.0
2024-04-19 06:00:00,0.0
2024-04-19 06:30:00,0.0
2024-04-19 07:00:00,0.0
2024-04-19 07:30:00,0.1779
2024-04-19 08:00:00,0.4391
2024-04-19 08:30:00,0.0
2024-04-19 09:00:00,0.0
2024-04-19 09:30:00,0.0
2024-04-19 10:00:00,0.0
2024-04-19 10:30:00,0.0
2024-04-19 11:00:00,0.0
2024-04-19 11:30:00,0.4019
2024-04-19 12:00:00,0.0
2024-04-19 12:30:00,0.0
2024-04-19 13:00:00,0.0
2024-04-19 13:30:00,-0.02551666666666667
2024-04-19 14:00:00,0.050575
2024-04-19 14:30:00,0.0
2024-04-19 15:00:00,0.0
2024-04-19 15:30:00,0.0
2024-04-19 16:00:00,0.07543333333333334
2024-04-19 16:30:00,-0.064
2024-04-19 17:00:00,0.0
2024-04-19 17:30:00,-0.25785555555555556
2024-04-19 18:00:00,0.2795571428571429
2024-04-19 18:30:00,0.09106666666666667
2024-04-19 19:00:00,-0.236375
2024-04-19 19:30:00,0.0
2024-04-19 20:00:00,0.26335
2024-04-19 20:30:00,-0.2083
2024-04-19 21:00:00,0.06284000000000001
2024-04-19 21:30:00,0.0
2024-04-19 22:00:00,0.28391666666666665
2024-04-19 22:30:00,-0.03375
2024-04-19 23:00:00,0.0
2024-04-19 23:30:00,-0.07655
2024-04-20 00:00:00,0.0
2024-04-20 00:30:00,0.0
2024-04-20 01:00:00,0.0
2024-04-20 01:30:00,0.0
2024-04-20 02:00:00,0.0
2024-04-20 02:30:00,0.4588
2024-04-20 03:00:00,0.428925
2024-04-20 03:30:00,0.0
2024-04-20 04:00:00,0.6369
2024-04-20 04:30:00,-0.4927
2024-04-20 05:00:00,-0.43479999999999996
2024-04-20 05:30:00,0.013933333333333317
2024-04-20 06:00:00,0.0
2024-04-20 06:30:00,0.0
2024-04-20 07:00:00,-0.4588
2024-04-20 07:30:00,-0.2023
2024-04-20 08:00:00,0.0
2024-04-20 08:30:00,-0.4404
2024-04-20 09:00:00,0.0
2024-04-20 09:30:00,0.5719
2024-04-20 10:00:00,0.0
2024-04-20 10:30:00,0.0
2024-04-20 11:00:00,0.17179999999999998
2024-04-20 11:30:00,0.0
2024-04-20 12:00:00,0.1406
2024-04-20 12:30:00,0.0
2024-04-20 13:00:00,0.1468
2024-04-20 13:30:00,0.5154
2024-04-20 14:00:00,0.0
2024-04-20 14:30:00,-0.10115
2024-04-20 15:00:00,0.0
2024-04-20 15:30:00,0.44255
2024-04-20 16:00:00,-0.6808
2024-04-20 16:30:00,0.0
2024-04-20 17:00:00,0.2202
2024-04-20 17:30:00,0.0
2024-04-20 18:00:00,0.0
2024-04-20 18:30:00,0.0
2024-04-20 19:00:00,0.2851
2024-04-20 19:30:00,0.4221
2024-04-20 20:00:00,-0.5984
2024-04-20 20:30:00,-0.0516
2024-04-20 21:00:00,0.9661
2024-04-20 21:30:00,0.0
2024-04-20 22:00:00,-0.6124
2024-04-20 22:30:00,0.0
2024-04-20 23:00:00,0.0
2024-04-20 23:30:00,0.33005
2024-04-21 00:00:00,0.0772
2024-04-21 00:30:00,0.8087
2024-04-21 01:00:00,0.0
2024-04-21 01:30:00,0.0
2024-04-21 02:00:00,0.0
2024-04-21 02:30:00,0.0
2024-04-21 03:00:00,0.0
2024-04-21 03:30:00,0.0
2024-04-21 04:00:00,0.0
2024-04-21 04:30:00,0.0
2024-04-21 05:00:00,0.0
2024-04-21 05:30:00,0.0
2024-04-21 06:00:00,0.1779
2024-04-21 06:30:00,0.0
2024-04-21 07:00:00,0.0
2024-04-21 07:30:00,0.0
2024-04-21 08:00:00,0.0
2024-04-21 08:30:00,0.0
2024-04-21 09:00:00,0.0
2024-04-21 09:30:00,0.0
2024-04-21 10:00:00,0.0
2024-04-21 10:30:00,0.0
2024-04-21 11:00:00,0.0
2024-04-21 11:30:00,0.0
2024-04-21 12:00:00,0.0
2024-04-21 12:30:00,0.0
2024-04-21 13:00:00,0.0
2024-04-21 13:30:00,0.0
2024-04-21 14:00:00,0.0
2024-04-21 14:30:00,0.0
2024-04-21 15:00:00,0.0
2024-04-21 15:30:00,0.0
2024-04-21 16:00:00,0.0
2024-04-21 16:30:00,0.0
2024-04-21 17:00:00,0.0
2024-04-21 17:30:00,0.0
2024-04-21 18:00:00,0.0
2024-04-21 18:30:00,0.0
2024-04-21 19:00:00,0.0
2024-04-21 19:30:00,0.0
2024-04-21 20:00:00,0.0
2024-04-21 20:30:00,0.0
2024-04-21 21:00:00,0.0
2024-04-21 21:30:00,0.4215
2024-04-21 22:00:00,0.008950000000000014
2024-04-21 22:30:00,0.0
2024-04-21 23:00:00,-0.5202
2024-04-21 23:30:00,0.0
2024-04-22 00:00:00,0.0
2024-04-22 00:30:00,0.0
2024-04-22 01:00:00,0.0
2024-04-22 01:30:00,0.0
2024-04-22 02:00:00,0.0
2024-04-22 02:30:00,0.0
2024-04-22 03:00:00,0.0
2024-04-22 03:30:00,0.0
2024-04-22 04:00:00,-0.31495
2024-04-22 04:30:00,0.836
2024-04-22 05:00:00,-0.296
2024-04-22 05:30:00,0.0
2024-04-22 06:00:00,0.0
2024-04-22 06:30:00,0.0
2024-04-22 07:00:00,0.7184
2024-04-22 07:30:00,-0.4588
2024-04-22 08:00:00,0.6486
2024-04-22 08:30:00,0.0
2024-04-22 09:00:00,0.0
2024-04-22 09:30:00,0.0
2024-04-22 10:00:00,0.0
2024-04-22 10:30:00,-0.62485
2024-04-22 11:00:00,-0.9001
2024-04-22 11:30:00,-0.5994
2024-04-22 12:00:00,-0.34
2024-04-22 12:30:00,-0.7436
2024-04-22 13:00:00,-0.3000333333333333
2024-04-22 13:30:00,0.0
2024-04-22 14:00:00,-0.2394666666666667
2024-04-22 14:30:00,-0.23835
2024-04-22 15:00:00,0.10358571428571428
2024-04-22 15:30:00,0.0
2024-04-22 16:00:00,0.14049999999999999
2024-04-22 16:30:00,-0.11175
2024-04-22 17:00:00,-0.17646
2024-04-22 17:30:00,0.06235833333333333
2024-04-22 18:00:00,0.29724
2024-04-22 18:30:00,0.236375
2024-04-22 19:00:00,0.202925
2024-04-22 19:30:00,-0.23671999999999999
2024-04-22 20:00:00,0.131675
2024-04-22 20:30:00,0.07955
2024-04-22 21:00:00,-0.12283333333333335
2024-04-22 21:30:00,0.0
2024-04-22 22:00:00,0.0
2024-04-22 22:30:00,0.0
2024-04-22 23:00:00,-0.17020000000000002
2024-04-22 23:30:00,0.9643
2024-04-23 00:00:00,0.22781428571428572
2024-04-23 00:30:00,0.5587500000000001
2024-04-23 01:00:00,0.9825
2024-04-23 01:30:00,0.019599999999999996
2024-04-23 02:00:00,0.0
2024-04-23 02:30:00,0.0
2024-04-23 03:00:00,0.35635
2024-04-23 03:30:00,-0.296
2024-04-23 04:00:00,0.24063333333333334
2024-04-23 04:30:00,0.20507999999999998
2024-04-23 05:00:00,0.11569999999999998
2024-04-23 05:30:00,0.0258
2024-04-23 06:00:00,0.0
2024-04-23 06:30:00,0.0
2024-04-23 07:00:00,0.8779
2024-04-23 07:30:00,0.0
2024-04-23 08:00:00,0.0
2024-04-23 08:30:00,-0.22245
2024-04-23 09:00:00,0.0
2024-04-23 09:30:00,0.0
2024-04-23 10:00:00,0.0
2024-04-23 10:30:00,0.0
2024-04-23 11:00:00,0.0
2024-04-23 11:30:00,0.0
2024-04-23 12:00:00,0.0
2024-04-23 12:30:00,0.0
2024-04-23 13:00:00,0.0
2024-04-23 13:30:00,0.0
2024-04-23 14:00:00,0.016
2024-04-23 14:30:00,-0.025675
2024-04-23 15:00:00,0.1587
2024-04-23 15:30:00,0.0
2024-04-23 16:00:00,0.0
2024-04-23 16:30:00,0.0
2024-04-23 17:00:00,0.0
2024-04-23 17:30:00,0.0
2024-04-23 18:00:00,-0.6403
2024-04-23 18:30:00,0.03966666666666666
2024-04-23 19:00:00,0.53952
2024-04-23 19:30:00,0.04819999999999999
2024-04-23 20:00:00,-0.29242500000000005
2024-04-23 20:30:00,-0.19293333333333332
2024-04-23 21:00:00,0.26553333333333334
2024-04-23 21:30:00,0.0
2024-04-23 22:00:00,0.05666
2024-04-23 22:30:00,-0.2732
2024-04-23 23:00:00,0.86885
2024-04-23 23:30:00,0.0
2024-04-24 00:00:00,0.12212
2024-04-24 00:30:00,0.43895
2024-04-24 01:00:00,0.0
2024-04-24 01:30:00,-0.02416666666666667
2024-04-24 02:00:00,0.765
2024-04-24 02:30:00,-0.2732
2024-04-24 03:00:00,-0.7906
2024-04-24 03:30:00,0.0
2024-04-24 04:00:00,0.5023
2024-04-24 04:30:00,0.0
2024-04-24 05:00:00,0.0
2024-04-24 05:30:00,0.0
2024-04-24 06:00:00,0.0
2024-04-24 06:30:00,0.4201
2024-04-24 07:00:00,0.0
2024-04-24 07:30:00,0.0
2024-04-24 08:00:00,0.0
2024-04-24 08:30:00,0.0
2024-04-24 09:00:00,0.0
2024-04-24 09:30:00,0.0
2024-04-24 10:00:00,0.0
2024-04-24 10:30:00,0.0
2024-04-24 11:00:00,0.0
2024-04-24 11:30:00,0.0
2024-04-24 12:00:00,0.0
2024-04-24 12:30:00,0.0
2024-04-24 13:00:00,0.0
2024-04-24 13:30:00,0.0
2024-04-24 14:00:00,0.0
2024-04-24 14:30:00,0.0
2024-04-24 15:00:00,0.0
2024-04-24 15:30:00,0.0
2024-04-24 16:00:00,0.0
2024-04-24 16:30:00,0.0
2024-04-24 17:00:00,-0.11315
2024-04-24 17:30:00,0.0
2024-04-24 18:00:00,0.11988000000000001
2024-04-24 18:30:00,0.0
2024-04-24 19:00:00,0.2916666666666667
2024-04-24 19:30:00,0.059199999999999996
2024-04-24 20:00:00,0.0
2024-04-24 20:30:00,0.0
2024-04-24 21:00:00,0.0
2024-04-24 21:30:00,0.0
2024-04-24 22:00:00,0.0
2024-04-24 22:30:00,0.0
2024-04-24 23:00:00,0.0
2024-04-24 23:30:00,0.0
2024-04-25 00:00:00,0.0
2024-04-25 00:30:00,0.0
2024-04-25 01:00:00,0.0
2024-04-25 01:30:00,0.0
2024-04-25 02:00:00,0.2023
2024-04-25 02:30:00,0.09137500000000001
2024-04-25 03:00:00,0.101
2024-04-25 03:30:00,-0.13623333333333335
2024-04-25 04:00:00,0.07898
2024-04-25 04:30:00,0.0
2024-04-25 05:00:00,-0.15775
2024-04-25 05:30:00,0.0
2024-04-25 06:00:00,0.1779
2024-04-25 06:30:00,0.0
2024-04-25 07:00:00,0.0
2024-04-25 07:30:00,0.0
2024-04-25 08:00:00,0.8232
2024-04-25 08:30:00,0.0
2024-04-25 09:00:00,0.0
2024-04-25 09:30:00,0.0
2024-04-25 10:00:00,0.0
2024-04-25 10:30:00,0.0
2024-04-25 11:00:00,-0.29295
2024-04-25 11:30:00,0.23653333333333335
2024-04-25 12:00:00,-0.2787
2024-04-25 12:30:00,0.0
2024-04-25 13:00:00,0.09176
2024-04-25 13:30:00,-0.24896666666666667
2024-04-25 14:00:00,0.0
2024-04-25 14:30:00,0.0
2024-04-25 15:00:00,0.1366
2024-04-25 15:30:00,0.0
2024-04-25 16:00:00,0.3454
2024-04-25 16:30:00,0.0593
2024-04-25 17:00:00,0.28335
2024-04-25 17:30:00,0.0
2024-04-25 18:00:00,0.0
2024-04-25 18:30:00,0.0683
2024-04-25 19:00:00,0.0
2024-04-25 19:30:00,-0.3182
2024-04-25 20:00:00,0.23156666666666667
2024-04-25 20:30:00,0.0
2024-04-25 21:00:00,0.0258
2024-04-25 21:30:00,0.0258
2024-04-25 22:00:00,0.0
2024-04-25 22:30:00,0.61725
2024-04-25 23:00:00,0.0
2024-04-25 23:30:00,0.0
2024-04-26 00:00:00,0.0
2024-04-26 00:30:00,0.8625
2024-04-26 01:00:00,-0.3182
2024-04-26 01:30:00,0.0
2024-04-26 02:00:00,0.0
2024-04-26 02:30:00,0.7003
2024-04-26 03:00:00,0.0
2024-04-26 03:30:00,0.0
2024-04-26 04:00:00,0.9523
2024-04-26 04:30:00,-0.5267
2024-04-26 05:00:00,0.0
2024-04-26 05:30:00,0.0
2024-04-26 06:00:00,0.8481
2024-04-26 06:30:00,0.0
2024-04-26 07:00:00,0.0
2024-04-26 07:30:00,0.0
2024-04-26 08:00:00,-0.11315
2024-04-26 08:30:00,0.0
2024-04-26 09:00:00,0.0
2024-04-26 09:30:00,0.0
2024-04-26 10:00:00,0.0
2024-04-26 10:30:00,0.0
2024-04-26 11:00:00,0.0
2024-04-26 11:30:00,0.1531
2024-04-26 12:00:00,0.0258
2024-04-26 12:30:00,0.0
2024-04-26 13:00:00,0.0
2024-04-26 13:30:00,0.1589
2024-04-26 14:00:00,-0.025
2024-04-26 14:30:00,0.0
2024-04-26 15:00:00,0.0
2024-04-26 15:30:00,0.0
2024-04-26 16:00:00,0.28595
2024-04-26 16:30:00,0.0
2024-04-26 17:00:00,0.047725
2024-04-26 17:30:00,0.1581
2024-04-26 18:00:00,0.0
2024-04-26 18:30:00,0.0
2024-04-26 19:00:00,-0.3982
2024-04-26 19:30:00,0.06743333333333333
2024-04-26 20:00:00,-0.37706666666666666
2024-04-26 20:30:00,0.14985
2024-04-26 21:00:00,0.8555
2024-04-26 21:30:00,0.403925
2024-04-26 22:00:00,0.0
2024-04-26 22:30:00,0.296
2024-04-26 23:00:00,0.0
2024-04-26 23:30:00,0.0319
2024-04-27 00:00:00,0.0
2024-04-27 00:30:00,0.0
2024-04-27 01:00:00,0.32825
2024-04-27 01:30:00,-0.0772
2024-04-27 02:00:00,0.0
2024-04-27 02:30:00,0.0
2024-04-27 03:00:00,0.0
2024-04-27 03:30:00,0.0
2024-04-27 04:00:00,-0.2732
2024-04-27 04:30:00,0.11870000000000003
2024-04-27 05:00:00,0.1779
2024-04-27 05:30:00,0.0
2024-04-27 06:00:00,-0.296
2024-04-27 06:30:00,0.8225
2024-04-27 07:00:00,0.0
2024-04-27 07:30:00,0.0
2024-04-27 08:00:00,0.0
2024-04-27 08:30:00,0.0
2024-04-27 09:00:00,0.0
2024-04-27 09:30:00,0.0
2024-04-27 10:00:00,0.0
2024-04-27 10:30:00,0.0
2024-04-27 11:00:00,0.0
2024-04-27 11:30:00,0.0
2024-04-27 12:00:00,0.0
2024-04-27 12:30:00,0.0
2024-04-27 13:00:00,0.0
2024-04-27 13:30:00,0.0
2024-04-27 14:00:00,0.0
2024-04-27 14:30:00,0.0
2024-04-27 15:00:00,0.0
2024-04-27 15:30:00,-0.14049999999999999
2024-04-27 16:00:00,0.0
2024-04-27 16:30:00,0.0
2024-04-27 17:00:00,0.0
2024-04-27 17:30:00,0.0
2024-04-27 18:00:00,0.43035
2024-04-27 18:30:00,-0.064
2024-04-27 19:00:00,0.0
2024-04-27 19:30:00,0.0
2024-04-27 20:00:00,0.5542
2024-04-27 20:30:00,0.5423
2024-04-27 21:00:00,0.0
2024-04-27 21:30:00,0.5118
2024-04-27 22:00:00,0.0
2024-04-27 22:30:00,0.0
2024-04-27 23:00:00,0.7184
2024-04-27 23:30:00,0.0
2024-04-28 00:00:00,0.0
2024-04-28 00:30:00,0.0
2024-04-28 01:00:00,0.4404
2024-04-28 01:30:00,0.0
2024-04-28 02:00:00,0.4939
2024-04-28 02:30:00,0.0
2024-04-28 03:00:00,0.0
2024-04-28 03:30:00,0.0
2024-04-28 04:00:00,0.0
2024-04-28 04:30:00,0.0
2024-04-28 05:00:00,0.0
2024-04-28 05:30:00,0.0
2024-04-28 06:00:00,0.0
2024-04-28 06:30:00,0.0
2024-04-28 07:00:00,0.0
2024-04-28 07:30:00,0.0
2024-04-28 08:00:00,0.0
2024-04-28 08:30:00,0.0
2024-04-28 09:00:00,0.0
2024-04-28 09:30:00,0.0
2024-04-28 10:00:00,0.0
2024-04-28 10:30:00,0.0
2024-04-28 11:00:00,0.0
2024-04-28 11:30:00,0.0
2024-04-28 12:00:00,0.0
2024-04-28 12:30:00,0.0
2024-04-28 13:00:00,0.0
2024-04-28 13:30:00,0.0
2024-04-28 14:00:00,0.0
2024-04-28 14:30:00,0.0
2024-04-28 15:00:00,0.0
2024-04-28 15:30:00,0.0
2024-04-28 16:00:00,0.0
2024-04-28 16:30:00,0.0
2024-04-28 17:00:00,0.0
2024-04-28 17:30:00,0.34
2024-04-28 18:00:00,0.0
2024-04-28 18:30:00,0.61705
2024-04-28 19:00:00,0.54605
2024-04-28 19:30:00,0.0
2024-04-28 20:00:00,0.0
2024-04-28 20:30:00,0.0
2024-04-28 21:00:00,0.5719
2024-04-28 21:30:00,0.1531
2024-04-28 22:00:00,0.0
2024-04-28 22:30:00,0.0
2024-04-28 23:00:00,0.0
2024-04-28 23:30:00,0.0
2024-04-29 00:00:00,0.2787
2024-04-29 00:30:00,0.28545
2024-04-29 01:00:00,0.52885
2024-04-29 01:30:00,0.0
2024-04-29 02:00:00,0.1366
2024-04-29 02:30:00,0.0
2024-04-29 03:00:00,0.0
2024-04-29 03:30:00,0.0
2024-04-29 04:00:00,0.0
2024-04-29 04:30:00,0.0
2024-04-29 05:00:00,0.0
2024-04-29 05:30:00,0.0
2024-04-29 06:00:00,0.0
2024-04-29 06:30:00,0.0
2024-04-29 07:00:00,0.0
2024-04-29 07:30:00,0.0
2024-04-29 08:00:00,0.5574
2024-04-29 08:30:00,0.0
2024-04-29 09:00:00,-0.516
2024-04-29 09:30:00,0.0
2024-04-29 10:00:00,0.5719
2024-04-29 10:30:00,0.0
2024-04-29 11:00:00,0.78755
2024-04-29 11:30:00,0.7906
2024-04-29 12:00:00,0.4969666666666666
2024-04-29 12:30:00,0.0
2024-04-29 13:00:00,0.0
2024-04-29 13:30:00,0.0
2024-04-29 14:00:00,0.0
2024-04-29 14:30:00,0.0
2024-04-29 15:00:00,0.4215
2024-04-29 15:30:00,0.0
2024-04-29 16:00:00,0.0
2024-04-29 16:30:00,0.0
2024-04-29 17:00:00,0.10465
2024-04-29 17:30:00,0.0
2024-04-29 18:00:00,0.0
2024-04-29 18:30:00,0.183775
2024-04-29 19:00:00,0.2625166666666667
2024-04-29 19:30:00,0.15745714285714282
2024-04-29 20:00:00,0.20287777777777777
2024-04-29 20:30:00,0.29931428571428575
2024-04-29 21:00:00,0.40197499999999997
2024-04-29 21:30:00,0.26607142857142857
2024-04-29 22:00:00,0.29605
2024-04-29 22:30:00,0.0
2024-04-29 23:00:00,0.5009333333333333
2024-04-29 23:30:00,0.3235
2024-04-30 00:00:00,0.25995
2024-04-30 00:30:00,0.9166
2024-04-30 01:00:00,0.6808
2024-04-30 01:30:00,0.0
2024-04-30 02:00:00,0.0
2024-04-30 02:30:00,0.0
2024-04-30 03:00:00,0.0
2024-04-30 03:30:00,0.0
2024-04-30 04:00:00,-0.1406
2024-04-30 04:30:00,0.3954
2024-04-30 05:00:00,0.4387
2024-04-30 05:30:00,0.0772
2024-04-30 06:00:00,-0.2354333333333333
2024-04-30 06:30:00,0.6486
2024-04-30 07:00:00,0.0
2024-04-30 07:30:00,0.0
2024-04-30 08:00:00,0.0
2024-04-30 08:30:00,0.2787
2024-04-30 09:00:00,0.0
2024-04-30 09:30:00,0.0
2024-04-30 10:00:00,0.0
2024-04-30 10:30:00,0.0
2024-04-30 11:00:00,0.0
2024-04-30 11:30:00,0.0
2024-04-30 12:00:00,0.0
2024-04-30 12:30:00,0.1759666666666667
2024-04-30 13:00:00,0.022300000000000004
2024-04-30 13:30:00,0.31756666666666666
2024-04-30 14:00:00,0.0
2024-04-30 14:30:00,0.0
2024-04-30 15:00:00,0.0
2024-04-30 15:30:00,-0.02551666666666667
2024-04-30 16:00:00,0.281925
2024-04-30 16:30:00,0.0
2024-04-30 17:00:00,0.0
2024-04-30 17:30:00,0.212025
2024-04-30 18:00:00,0.13481428571428572
2024-04-30 18:30:00,0.27545
2024-04-30 19:00:00,0.23835
2024-04-30 19:30:00,0.0
2024-04-30 20:00:00,0.2724
2024-04-30 20:30:00,0.0
2024-04-30 21:00:00,0.0
2024-04-30 21:30:00,0.0
2024-04-30 22:00:00,0.6101000000000001
2024-04-30 22:30:00,0.8591
2024-04-30 23:00:00,-0.2076
2024-04-30 23:30:00,0.708
2024-05-01 00:00:00,0.0
2024-05-01 00:30:00,0.0
2024-05-01 01:00:00,-0.38634999999999997
2024-05-01 01:30:00,-0.24306666666666668
2024-05-01 02:00:00,0.1472
2024-05-01 02:30:00,0.0
2024-05-01 03:00:00,-0.2732
2024-05-01 03:30:00,0.0
2024-05-01 04:00:00,0.5573
2024-05-01 04:30:00,0.3182
2024-05-01 05:00:00,0.0
2024-05-01 05:30:00,0.0
2024-05-01 06:00:00,0.0
2024-05-01 06:30:00,0.0
2024-05-01 07:00:00,0.0
2024-05-01 07:30:00,0.0
2024-05-01 08:00:00,0.0
2024-05-01 08:30:00,0.0
2024-05-01 09:00:00,0.0
2024-05-01 09:30:00,0.0
2024-05-01 10:00:00,0.0
2024-05-01 10:30:00,0.0
2024-05-01 11:00:00,0.0
2024-05-01 11:30:00,0.0
2024-05-01 12:00:00,0.0
2024-05-01 12:30:00,0.0
2024-05-01 13:00:00,0.0
2024-05-01 13:30:00,0.0
2024-05-01 14:00:00,0.0
2024-05-01 14:30:00,0.0
2024-05-01 15:00:00,0.0
2024-05-01 15:30:00,0.0
2024-05-01 16:00:00,0.0
2024-05-01 16:30:00,0.0
2024-05-01 17:00:00,0.0
2024-05-01 17:30:00,0.0
2024-05-01 18:00:00,0.0
2024-05-01 18:30:00,0.0
2024-05-01 19:00:00,0.0
2024-05-01 19:30:00,0.0
2024-05-01 20:00:00,0.0
2024-05-01 20:30:00,0.0
2024-05-01 21:00:00,0.0
2024-05-01 21:30:00,0.0
2024-05-01 22:00:00,0.0
2024-05-01 22:30:00,0.0
2024-05-01 23:00:00,0.0
2024-05-01 23:30:00,0.6486
2024-05-02 00:00:00,-0.4939
2024-05-02 00:30:00,0.0
2024-05-02 01:00:00,0.0
2024-05-02 01:30:00,0.46155
2024-05-02 02:00:00,0.0
2024-05-02 02:30:00,0.0
2024-05-02 03:00:00,0.0
2024-05-02 03:30:00,0.2732
2024-05-02 04:00:00,-0.2023
2024-05-02 04:30:00,0.0
2024-05-02 05:00:00,0.0
2024-05-02 05:30:00,-0.13179999999999997
2024-05-02 06:00:00,0.3612
2024-05-02 06:30:00,0.0
2024-05-02 07:00:00,0.0
2024-05-02 07:30:00,0.0
2024-05-02 08:00:00,0.0
2024-05-02 08:30:00,0.0
2024-05-02 09:00:00,0.0
2024-05-02 09:30:00,0.0
2024-05-02 10:00:00,0.0
2024-05-02 10:30:00,0.0
2024-05-02 11:00:00,0.0
2024-05-02 11:30:00,0.0
2024-05-02 12:00:00,0.0
2024-05-02 12:30:00,0.0
2024-05-02 13:00:00,0.0
2024-05-02 13:30:00,0.0
2024-05-02 14:00:00,0.0
2024-05-02 14:30:00,0.0
2024-05-02 15:00:00,0.0
2024-05-02 15:30:00,0.19636666666666666
2024-05-02 16:00:00,0.0
2024-05-02 16:30:00,0.09534000000000001
2024-05-02 17:00:00,0.3355666666666666
2024-05-02 17:30:00,0.0
2024-05-02 18:00:00,0.10834999999999999
2024-05-02 18:30:00,0.0
2024-05-02 19:00:00,0.0
2024-05-02 19:30:00,0.3214
2024-05-02 20:00:00,-0.0772
2024-05-02 20:30:00,0.0
2024-05-02 21:00:00,0.20759999999999998
2024-05-02 21:30:00,0.40164999999999995
2024-05-02 22:00:00,0.2274
2024-05-02 22:30:00,0.0
2024-05-02 23:00:00,0.0
2024-05-02 23:30:00,0.0
2024-05-03 00:00:00,0.5106
2024-05-03 00:30:00,0.0
2024-05-03 01:00:00,0.35875
2024-05-03 01:30:00,0.35015
2024-05-03 02:00:00,0.4767
2024-05-03 02:30:00,0.0
2024-05-03 03:00:00,0.0
2024-05-03 03:30:00,0.0
2024-05-03 04:00:00,0.0
2024-05-03 04:30:00,0.0
2024-05-03 05:00:00,0.0
2024-05-03 05:30:00,0.891
2024-05-03 06:00:00,0.0
2024-05-03 06:30:00,0.0
2024-05-03 07:00:00,0.0
2024-05-03 07:30:00,0.0
2024-05-03 08:00:00,0.0
2024-05-03 08:30:00,0.0
2024-05-03 09:00:00,0.0
2024-05-03 09:30:00,0.0
2024-05-03 10:00:00,0.0
2024-05-03 10:30:00,0.0
2024-05-03 11:00:00,0.0
2024-05-03 11:30:00,0.0
2024-05-03 12:00:00,0.0
2024-05-03 12:30:00,0.0
2024-05-03 13:00:00,0.0
2024-05-03 13:30:00,-0.07955
2024-05-03 14:00:00,0.0
2024-05-03 14:30:00,0.0
2024-05-03 15:00:00,0.0
2024-05-03 15:30:00,0.0
2024-05-03 16:00:00,-0.2732
2024-05-03 16:30:00,0.0
2024-05-03 17:00:00,0.0
2024-05-03 17:30:00,-0.05938000000000001
2024-05-03 18:00:00,0.0
2024-05-03 18:30:00,0.0
2024-05-03 19:00:00,0.0
2024-05-03 19:30:00,-0.6124
2024-05-03 20:00:00,-0.29000000000000004
2024-05-03 20:30:00,0.082275
2024-05-03 21:00:00,0.0
2024-05-03 21:30:00,0.2716
2024-05-03 22:00:00,0.0
2024-05-03 22:30:00,0.0
2024-05-03 23:00:00,0.0
2024-05-03 23:30:00,0.35015
2024-05-04 00:00:00,0.0
2024-05-04 00:30:00,0.8702
2024-05-04 01:00:00,0.3182
2024-05-04 01:30:00,0.7469
2024-05-04 02:00:00,0.0
2024-05-04 02:30:00,0.0
2024-05-04 03:00:00,0.0
2024-05-04 03:30:00,0.0
2024-05-04 04:00:00,0.0
2024-05-04 04:30:00,0.0
2024-05-04 05:00:00,-0.0232
2024-05-04 05:30:00,0.0
2024-05-04 06:00:00,-0.7269
2024-05-04 06:30:00,0.0
2024-05-04 07:00:00,-0.765
2024-05-04 07:30:00,0.0
2024-05-04 08:00:00,0.0
2024-05-04 08:30:00,-0.4767
2024-05-04 09:00:00,0.0
2024-05-04 09:30:00,0.0
2024-05-04 10:00:00,0.0
2024-05-04 10:30:00,0.0
2024-05-04 11:00:00,0.0
2024-05-04 11:30:00,0.0
2024-05-04 12:00:00,0.0
2024-05-04 12:30:00,0.0
2024-05-04 13:00:00,0.0
2024-05-04 13:30:00,0.0
2024-05-04 14:00:00,-0.3182
2024-05-04 14:30:00,0.0
2024-05-04 15:00:00,0.31245
2024-05-04 15:30:00,0.0
2024-05-04 16:00:00,0.0
2024-05-04 16:30:00,0.0
2024-05-04 17:00:00,0.0
2024-05-04 17:30:00,0.0
2024-05-04 18:00:00,0.0
2024-05-04 18:30:00,0.0
2024-05-04 19:00:00,0.0
2024-05-04 19:30:00,0.0
2024-05-04 20:00:00,-0.17556666666666665
2024-05-04 20:30:00,0.0
2024-05-04 21:00:00,0.0
2024-05-04 21:30:00,0.0
2024-05-04 22:00:00,0.0
2024-05-04 22:30:00,0.0
2024-05-04 23:00:00,0.7351
2024-05-04 23:30:00,0.0
2024-05-05 00:00:00,0.0
2024-05-05 00:30:00,0.0
2024-05-05 01:00:00,0.1531
2024-05-05 01:30:00,-0.0772
2024-05-05 02:00:00,0.0
2024-05-05 02:30:00,0.0
2024-05-05 03:00:00,0.0
2024-05-05 03:30:00,0.0
2024-05-05 04:00:00,0.0
2024-05-05 04:30:00,0.296
2024-05-05 05:00:00,0.0
2024-05-05 05:30:00,0.0
2024-05-05 06:00:00,0.2263
2024-05-05 06:30:00,0.0
2024-05-05 07:00:00,0.0
2024-05-05 07:30:00,0.0
2024-05-05 08:00:00,0.0
2024-05-05 08:30:00,0.0
2024-05-05 09:00:00,0.0
2024-05-05 09:30:00,0.0
2024-05-05 10:00:00,0.0
2024-05-05 10:30:00,0.0
2024-05-05 11:00:00,0.0
2024-05-05 11:30:00,0.0
2024-05-05 12:00:00,0.0
2024-05-05 12:30:00,0.0
2024-05-05 13:00:00,0.0
2024-05-05 13:30:00,0.0
2024-05-05 14:00:00,0.1806
2024-05-05 14:30:00,0.0
2024-05-05 15:00:00,0.0
2024-05-05 15:30:00,0.0
2024-05-05 16:00:00,0.0
2024-05-05 16:30:00,0.0
2024-05-05 17:00:00,0.0
2024-05-05 17:30:00,0.0
2024-05-05 18:00:00,0.0
2024-05-05 18:30:00,0.0
2024-05-05 19:00:00,0.0
2024-05-05 19:30:00,0.0
2024-05-05 20:00:00,0.0
2024-05-05 20:30:00,0.0
2024-05-05 21:00:00,0.0
2024-05-05 21:30:00,0.0
2024-05-05 22:00:00,0.0
2024-05-05 22:30:00,0.0
2024-05-05 23:00:00,0.0
2024-05-05 23:30:00,0.0
2024-05-06 00:00:00,0.0
2024-05-06 00:30:00,0.9537
2024-05-06 01:00:00,0.0
2024-05-06 01:30:00,0.0
2024-05-06 02:00:00,0.0258
2024-05-06 02:30:00,0.5859
2024-05-06 03:00:00,0.0
2024-05-06 03:30:00,0.0
2024-05-06 04:00:00,0.0
2024-05-06 04:30:00,0.0
2024-05-06 05:00:00,0.0
2024-05-06 05:30:00,0.0
2024-05-06 06:00:00,0.0
2024-05-06 06:30:00,0.0
2024-05-06 07:00:00,0.0
2024-05-06 07:30:00,0.0
2024-05-06 08:00:00,0.0
2024-05-06 08:30:00,0.0
2024-05-06 09:00:00,0.0
2024-05-06 09:30:00,0.0
2024-05-06 10:00:00,0.0
2024-05-06 10:30:00,0.0
2024-05-06 11:00:00,0.0
2024-05-06 11:30:00,0.0
2024-05-06 12:00:00,0.0
2024-05-06 12:30:00,0.0
2024-05-06 13:00:00,0.0
2024-05-06 13:30:00,0.0
2024-05-06 14:00:00,0.0
2024-05-06 14:30:00,0.4215
2024-05-06 15:00:00,0.0
2024-05-06 15:30:00,0.0
2024-05-06 16:00:00,0.0
2024-05-06 16:30:00,0.0
2024-05-06 17:00:00,0.0
2024-05-06 17:30:00,0.0
2024-05-06 18:00:00,0.35229999999999995
2024-05-06 18:30:00,0.0
2024-05-06 19:00:00,0.0
2024-05-06 19:30:00,0.0
2024-05-06 20:00:00,0.0
2024-05-06 20:30:00,0.0
2024-05-06 21:00:00,0.0
2024-05-06 21:30:00,0.0
2024-05-06 22:00:00,0.0
2024-05-06 22:30:00,0.0
2024-05-06 23:00:00,0.0
2024-05-06 23:30:00,0.04594999999999999
2024-05-07 00:00:00,0.0
2024-05-07 00:30:00,0.0
2024-05-07 01:00:00,0.21075
2024-05-07 01:30:00,0.0
2024-05-07 02:00:00,0.3818
2024-05-07 02:30:00,0.0
2024-05-07 03:00:00,0.6597
2024-05-07 03:30:00,0.0
2024-05-07 04:00:00,-0.05769999999999999
2024-05-07 04:30:00,0.0
2024-05-07 05:00:00,0.0
2024-05-07 05:30:00,0.0
2024-05-07 06:00:00,0.0
2024-05-07 06:30:00,0.0
2024-05-07 07:00:00,0.2023
2024-05-07 07:30:00,0.0
2024-05-07 08:00:00,0.0
2024-05-07 08:30:00,0.0
2024-05-07 09:00:00,-0.16463333333333333
2024-05-07 09:30:00,0.0
2024-05-07 10:00:00,0.0
2024-05-07 10:30:00,-0.17
2024-05-07 11:00:00,0.0
2024-05-07 11:30:00,0.0
2024-05-07 12:00:00,0.1366
2024-05-07 12:30:00,0.0
2024-05-07 13:00:00,-0.17250000000000001
2024-05-07 13:30:00,0.0
2024-05-07 14:00:00,0.0
2024-05-07 14:30:00,0.0
2024-05-07 15:00:00,-0.148
2024-05-07 15:30:00,0.0
2024-05-07 16:00:00,-0.025733333333333334
2024-05-07 16:30:00,-0.02965
2024-05-07 17:00:00,0.03256
2024-05-07 17:30:00,0.5282
2024-05-07 18:00:00,0.37245999999999996
2024-05-07 18:30:00,0.0907
2024-05-07 19:00:00,0.027700000000000013
2024-05-07 19:30:00,0.1244
2024-05-07 20:00:00,0.0
2024-05-07 20:30:00,0.0
2024-05-07 21:00:00,0.8074
2024-05-07 21:30:00,0.0
2024-05-07 22:00:00,0.58765
2024-05-07 22:30:00,0.276
2024-05-07 23:00:00,0.9747
2024-05-07 23:30:00,-0.017699999999999994
2024-05-08 00:00:00,0.4115
2024-05-08 00:30:00,0.0
2024-05-08 01:00:00,0.4019
2024-05-08 01:30:00,0.0
2024-05-08 02:00:00,0.0
2024-05-08 02:30:00,0.0
2024-05-08 03:00:00,0.951
2024-05-08 03:30:00,0.7241
2024-05-08 04:00:00,0.48525
2024-05-08 04:30:00,0.25370000000000004
2024-05-08 05:00:00,0.0
2024-05-08 05:30:00,0.951
2024-05-08 06:00:00,0.0
2024-05-08 06:30:00,0.0
2024-05-08 07:00:00,0.0
2024-05-08 07:30:00,-0.2924
2024-05-08 08:00:00,0.0
2024-05-08 08:30:00,0.0
2024-05-08 09:00:00,0.5186000000000001
2024-05-08 09:30:00,0.0
2024-05-08 10:00:00,0.0
2024-05-08 10:30:00,0.0
2024-05-08 11:00:00,0.4449
2024-05-08 11:30:00,0.0
2024-05-08 12:00:00,0.0
2024-05-08 12:30:00,0.0
2024-05-08 13:00:00,0.27086666666666664
2024-05-08 13:30:00,0.0
2024-05-08 14:00:00,0.0
2024-05-08 14:30:00,-0.068
2024-05-08 15:00:00,0.119175
2024-05-08 15:30:00,0.0
2024-05-08 16:00:00,0.0
2024-05-08 16:30:00,0.0
2024-05-08 17:00:00,-0.26645
2024-05-08 17:30:00,0.011699999999999988
2024-05-08 18:00:00,0.0
2024-05-08 18:30:00,0.37635
2024-05-08 19:00:00,0.1909
2024-05-08 19:30:00,-0.142975
2024-05-08 20:00:00,0.631
2024-05-08 20:30:00,0.0
2024-05-08 21:00:00,0.7046
2024-05-08 21:30:00,0.2593
2024-05-08 22:00:00,-0.3332
2024-05-08 22:30:00,0.0
2024-05-08 23:00:00,0.0
2024-05-08 23:30:00,-0.2427
2024-05-09 00:00:00,-0.16816666666666666
2024-05-09 00:30:00,-0.5393666666666667
2024-05-09 01:00:00,0.8806333333333334
2024-05-09 01:30:00,0.0
2024-05-09 02:00:00,0.13433333333333333
2024-05-09 02:30:00,0.0
2024-05-09 03:00:00,0.0
2024-05-09 03:30:00,0.0
2024-05-09 04:00:00,0.0
2024-05-09 04:30:00,0.0
2024-05-09 05:00:00,0.0
2024-05-09 05:30:00,0.0
2024-05-09 06:00:00,-0.3818
2024-05-09 06:30:00,0.0
2024-05-09 07:00:00,0.0
2024-05-09 07:30:00,0.0
2024-05-09 08:00:00,0.0
2024-05-09 08:30:00,-0.1263
2024-05-09 09:00:00,-0.0256
2024-05-09 09:30:00,0.0
2024-05-09 10:00:00,0.0
2024-05-09 10:30:00,0.0
2024-05-09 11:00:00,0.0
2024-05-09 11:30:00,0.0
2024-05-09 12:00:00,0.0
2024-05-09 12:30:00,0.0
2024-05-09 13:00:00,0.0
2024-05-09 13:30:00,0.0
2024-05-09 14:00:00,-0.26335
2024-05-09 14:30:00,0.0
2024-05-09 15:00:00,0.0
2024-05-09 15:30:00,0.0
2024-05-09 16:00:00,0.0
2024-05-09 16:30:00,0.0
2024-05-09 17:00:00,0.0
2024-05-09 17:30:00,0.0
2024-05-09 18:00:00,-0.2083
2024-05-09 18:30:00,0.0
2024-05-09 19:00:00,0.0
2024-05-09 19:30:00,0.0
2024-05-09 20:00:00,0.15782000000000002
2024-05-09 20:30:00,0.0
2024-05-09 21:00:00,0.0
2024-05-09 21:30:00,0.0
2024-05-09 22:00:00,0.0516
2024-05-09 22:30:00,0.0
2024-05-09 23:00:00,0.0
2024-05-09 23:30:00,0.43125
2024-05-10 00:00:00,0.0
2024-05-10 00:30:00,0.19130000000000003
2024-05-10 01:00:00,0.0
2024-05-10 01:30:00,0.8724000000000001
2024-05-10 02:00:00,0.3919
2024-05-10 02:30:00,-0.8402
2024-05-10 03:00:00,-0.8402
2024-05-10 03:30:00,0.0
2024-05-10 04:00:00,0.07655
2024-05-10 04:30:00,-0.296
2024-05-10 05:00:00,0.0
2024-05-10 05:30:00,-0.25
2024-05-10 06:00:00,-0.6705
2024-05-10 06:30:00,0.0
2024-05-10 07:00:00,0.0
2024-05-10 07:30:00,0.0772
2024-05-10 08:00:00,0.0
2024-05-10 08:30:00,0.0
2024-05-10 09:00:00,0.0
2024-05-10 09:30:00,0.0
2024-05-10 10:00:00,0.0
2024-05-10 10:30:00,0.0
2024-05-10 11:00:00,0.0
2024-05-10 11:30:00,0.0
2024-05-10 12:00:00,0.0
2024-05-10 12:30:00,0.0
2024-05-10 13:00:00,0.0
2024-05-10 13:30:00,0.0
2024-05-10 14:00:00,0.050575
2024-05-10 14:30:00,0.06364
2024-05-10 15:00:00,0.0
2024-05-10 15:30:00,0.0
2024-05-10 16:00:00,0.0
2024-05-10 16:30:00,0.0
2024-05-10 17:00:00,0.0
2024-05-10 17:30:00,0.0625
2024-05-10 18:00:00,0.15897999999999998
2024-05-10 18:30:00,0.07453333333333334
2024-05-10 19:00:00,0.0
2024-05-10 19:30:00,0.0
2024-05-10 20:00:00,0.0
2024-05-10 20:30:00,0.131675
2024-05-10 21:00:00,-0.1953
2024-05-10 21:30:00,-0.128
2024-05-10 22:00:00,0.0
2024-05-10 22:30:00,0.3182
2024-05-10 23:00:00,-0.8545499999999999
2024-05-10 23:30:00,0.0
2024-05-11 00:00:00,0.341725
2024-05-11 00:30:00,0.0
2024-05-11 01:00:00,0.5060666666666667
2024-05-11 01:30:00,0.0
2024-05-11 02:00:00,0.0
2024-05-11 02:30:00,0.24695
2024-05-11 03:00:00,0.0
2024-05-11 03:30:00,-0.25
2024-05-11 04:00:00,0.0
2024-05-11 04:30:00,-0.4248
2024-05-11 05:00:00,0.0
2024-05-11 05:30:00,0.9382
2024-05-11 06:00:00,0.0
2024-05-11 06:30:00,0.0
2024-05-11 07:00:00,0.0
2024-05-11 07:30:00,0.0
2024-05-11 08:00:00,0.0
2024-05-11 08:30:00,0.0
2024-05-11 09:00:00,0.0
2024-05-11 09:30:00,0.0
2024-05-11 10:00:00,0.0
2024-05-11 10:30:00,0.0
2024-05-11 11:00:00,0.0
2024-05-11 11:30:00,0.0
2024-05-11 12:00:00,0.12726666666666667
2024-05-11 12:30:00,0.0
2024-05-11 13:00:00,0.0
2024-05-11 13:30:00,0.0
2024-05-11 14:00:00,0.0
2024-05-11 14:30:00,0.2787
2024-05-11 15:00:00,0.4939
2024-05-11 15:30:00,0.0
2024-05-11 16:00:00,0.0
2024-05-11 16:30:00,0.0
2024-05-11 17:00:00,0.0
2024-05-11 17:30:00,0.5984
2024-05-11 18:00:00,0.0
2024-05-11 18:30:00,0.0
2024-05-11 19:00:00,0.0
2024-05-11 19:30:00,0.0
2024-05-11 20:00:00,0.0
2024-05-11 20:30:00,0.0
2024-05-11 21:00:00,0.0
2024-05-11 21:30:00,0.0
2024-05-11 22:00:00,0.34
2024-05-11 22:30:00,0.0
2024-05-11 23:00:00,0.0
2024-05-11 23:30:00,0.0
2024-05-12 00:00:00,0.0
2024-05-12 00:30:00,0.0
2024-05-12 01:00:00,0.0
2024-05-12 01:30:00,0.0
2024-05-12 02:00:00,-0.1779
2024-05-12 02:30:00,0.0
2024-05-12 03:00:00,0.0
2024-05-12 03:30:00,0.0
2024-05-12 04:00:00,0.0
2024-05-12 04:30:00,0.0
2024-05-12 05:00:00,0.0
2024-05-12 05:30:00,0.0
2024-05-12 06:00:00,0.0
2024-05-12 06:30:00,0.0
2024-05-12 07:00:00,0.0
2024-05-12 07:30:00,0.0
2024-05-12 08:00:00,0.0
2024-05-12 08:30:00,0.0
2024-05-12 09:00:00,0.0
2024-05-12 09:30:00,0.0
2024-05-12 10:00:00,0.0
2024-05-12 10:30:00,0.0
2024-05-12 11:00:00,0.0
2024-05-12 11:30:00,0.0
2024-05-12 12:00:00,0.0
2024-05-12 12:30:00,0.0
2024-05-12 13:00:00,0.0
2024-05-12 13:30:00,0.0
2024-05-12 14:00:00,0.0
2024-05-12 14:30:00,0.3252
2024-05-12 15:00:00,0.0
2024-05-12 15:30:00,0.0
2024-05-12 16:00:00,0.0
2024-05-12 16:30:00,0.0
2024-05-12 17:00:00,0.0
2024-05-12 17:30:00,0.0
2024-05-12 18:00:00,0.0
2024-05-12 18:30:00,0.0
2024-05-12 19:00:00,0.0
2024-05-12 19:30:00,0.4037
2024-05-12 20:00:00,0.4215
2024-05-12 20:30:00,-0.5216
2024-05-12 21:00:00,0.0
2024-05-12 21:30:00,0.0
2024-05-12 22:00:00,0.0516
2024-05-12 22:30:00,0.0
2024-05-12 23:00:00,0.0
2024-05-12 23:30:00,0.0
2024-05-13 00:00:00,0.0772
2024-05-13 00:30:00,0.0
2024-05-13 01:00:00,0.0
2024-05-13 01:30:00,0.0
2024-05-13 02:00:00,-0.2732
2024-05-13 02:30:00,0.8674
2024-05-13 03:00:00,0.0
2024-05-13 03:30:00,0.0
2024-05-13 04:00:00,0.0
2024-05-13 04:30:00,0.0
2024-05-13 05:00:00,0.0
2024-05-13 05:30:00,0.0
2024-05-13 06:00:00,0.0
2024-05-13 06:30:00,0.0
2024-05-13 07:00:00,0.0
2024-05-13 07:30:00,0.0
2024-05-13 08:00:00,0.0
2024-05-13 08:30:00,0.0
2024-05-13 09:00:00,0.0
2024-05-13 09:30:00,0.0
2024-05-13 10:00:00,0.0
2024-05-13 10:30:00,0.0
2024-05-13 11:00:00,0.0
2024-05-13 11:30:00,0.0
2024-05-13 12:00:00,0.08760000000000001
2024-05-13 12:30:00,0.0
2024-05-13 13:00:00,0.0
2024-05-13 13:30:00,0.0
2024-05-13 14:00:00,0.0
2024-05-13 14:30:00,0.0
2024-05-13 15:00:00,0.0
2024-05-13 15:30:00,0.0
2024-05-13 16:00:00,0.0
2024-05-13 16:30:00,0.24213333333333334
2024-05-13 17:00:00,0.23828
2024-05-13 17:30:00,-0.1531
2024-05-13 18:00:00,0.07636
2024-05-13 18:30:00,0.7906
2024-05-13 19:00:00,0.1272
2024-05-13 19:30:00,0.22173333333333334
2024-05-13 20:00:00,0.31245
2024-05-13 20:30:00,0.0
2024-05-13 21:00:00,0.6486
2024-05-13 21:30:00,0.0
2024-05-13 22:00:00,0.0
2024-05-13 22:30:00,0.0
2024-05-13 23:00:00,-0.02852500000000001
2024-05-13 23:30:00,0.0
2024-05-14 00:00:00,0.53805
2024-05-14 00:30:00,-0.9712
2024-05-14 01:00:00,0.0
2024-05-14 01:30:00,0.0
2024-05-14 02:00:00,0.4644
2024-05-14 02:30:00,0.0
2024-05-14 03:00:00,-0.7096
2024-05-14 03:30:00,0.6486
2024-05-14 04:00:00,0.6249
2024-05-14 04:30:00,0.6424
2024-05-14 05:00:00,0.0
2024-05-14 05:30:00,0.0
2024-05-14 06:00:00,0.0
2024-05-14 06:30:00,0.0
2024-05-14 07:00:00,0.0
2024-05-14 07:30:00,0.0
2024-05-14 08:00:00,0.0
2024-05-14 08:30:00,0.0
2024-05-14 09:00:00,0.0
2024-05-14 09:30:00,0.0
2024-05-14 10:00:00,-0.1692
2024-05-14 10:30:00,0.0
2024-05-14 11:00:00,0.0
2024-05-14 11:30:00,0.0
2024-05-14 12:00:00,0.0
2024-05-14 12:30:00,0.0
2024-05-14 13:00:00,0.0
2024-05-14 13:30:00,0.0
2024-05-14 14:00:00,0.0
2024-05-14 14:30:00,0.0
2024-05-14 15:00:00,0.0
2024-05-14 15:30:00,0.0
2024-05-14 16:00:00,0.0
2024-05-14 16:30:00,0.0
2024-05-14 17:00:00,0.463
2024-05-14 17:30:00,0.0
2024-05-14 18:00:00,0.0
2024-05-14 18:30:00,0.23835
2024-05-14 19:00:00,0.0
2024-05-14 19:30:00,0.7351
2024-05-14 20:00:00,-0.07726
2024-05-14 20:30:00,0.0
2024-05-14 21:00:00,0.0
2024-05-14 21:30:00,-0.7184
2024-05-14 22:00:00,0.1115
2024-05-14 22:30:00,0.2732
2024-05-14 23:00:00,0.0
2024-05-14 23:30:00,0.0
2024-05-15 00:00:00,0.3917
2024-05-15 00:30:00,0.3818
2024-05-15 01:00:00,0.46645000000000003
2024-05-15 01:30:00,0.0
2024-05-15 02:00:00,0.9325
2024-05-15 02:30:00,0.4404
2024-05-15 03:00:00,0.0
2024-05-15 03:30:00,-0.1706
2024-05-15 04:00:00,-0.4215
2024-05-15 04:30:00,-0.296
2024-05-15 05:00:00,-0.16885
2024-05-15 05:30:00,0.0
2024-05-15 06:00:00,0.0
2024-05-15 06:30:00,0.0
2024-05-15 07:00:00,-0.1779
2024-05-15 07:30:00,0.0
2024-05-15 08:00:00,0.0
2024-05-15 08:30:00,0.0
2024-05-15 09:00:00,0.0
2024-05-15 09:30:00,0.0
2024-05-15 10:00:00,0.0
2024-05-15 10:30:00,0.0
2024-05-15 11:00:00,0.0
2024-05-15 11:30:00,0.0
2024-05-15 12:00:00,0.0
2024-05-15 12:30:00,0.0
2024-05-15 13:00:00,0.0
2024-05-15 13:30:00,0.0
2024-05-15 14:00:00,0.0
2024-05-15 14:30:00,0.0
2024-05-15 15:00:00,0.0
2024-05-15 15:30:00,0.0
2024-05-15 16:00:00,0.0
2024-05-15 16:30:00,0.0
2024-05-15 17:00:00,0.0
2024-05-15 17:30:00,0.0
2024-05-15 18:00:00,0.0
2024-05-15 18:30:00,0.0
2024-05-15 19:00:00,0.0
2024-05-15 19:30:00,0.0
2024-05-15 20:00:00,0.0
2024-05-15 20:30:00,0.117
2024-05-15 21:00:00,0.0
2024-05-15 21:30:00,0.0
2024-05-15 22:00:00,-0.7717
2024-05-15 22:30:00,0.7003
2024-05-15 23:00:00,0.6369
2024-05-15 23:30:00,0.0
2024-05-16 00:00:00,0.0
2024-05-16 00:30:00,0.1027
2024-05-16 01:00:00,0.0516
2024-05-16 01:30:00,0.0
2024-05-16 02:00:00,0.0
2024-05-16 02:30:00,-0.5859
2024-05-16 03:00:00,0.0
2024-05-16 03:30:00,0.4441
2024-05-16 04:00:00,0.0
2024-05-16 04:30:00,0.4118
2024-05-16 05:00:00,0.0
2024-05-16 05:30:00,0.1806
2024-05-16 06:00:00,0.0
2024-05-16 06:30:00,-0.836
2024-05-16 07:00:00,0.0
2024-05-16 07:30:00,0.0
2024-05-16 08:00:00,0.32563333333333333
2024-05-16 08:30:00,0.0
2024-05-16 09:00:00,-0.0593
2024-05-16 09:30:00,0.0
2024-05-16 10:00:00,0.0
2024-05-16 10:30:00,0.0
2024-05-16 11:00:00,0.0
2024-05-16 11:30:00,0.0
2024-05-16 12:00:00,0.20095
2024-05-16 12:30:00,0.0
2024-05-16 13:00:00,0.0
2024-05-16 13:30:00,0.0
2024-05-16 14:00:00,0.0
2024-05-16 14:30:00,0.0
2024-05-16 15:00:00,0.0
2024-05-16 15:30:00,0.0
2024-05-16 16:00:00,0.0
2024-05-16 16:30:00,0.2732
2024-05-16 17:00:00,0.0
2024-05-16 17:30:00,-0.20007999999999998
2024-05-16 18:00:00,0.0
2024-05-16 18:30:00,-0.1806
2024-05-16 19:00:00,0.0
2024-05-16 19:30:00,0.0
2024-05-16 20:00:00,0.0
2024-05-16 20:30:00,0.0
2024-05-16 21:00:00,0.0
2024-05-16 21:30:00,0.1366
2024-05-16 22:00:00,0.0
2024-05-16 22:30:00,0.0
2024-05-16 23:00:00,-0.7334
2024-05-16 23:30:00,0.5698
2024-05-17 00:00:00,0.0
2024-05-17 00:30:00,0.0
2024-05-17 01:00:00,0.0
2024-05-17 01:30:00,0.34
2024-05-17 02:00:00,0.7241
2024-05-17 02:30:00,0.0
2024-05-17 03:00:00,0.4215
2024-05-17 03:30:00,0.0
2024-05-17 04:00:00,-0.1531
2024-05-17 04:30:00,-0.1909
2024-05-17 05:00:00,0.0
2024-05-17 05:30:00,0.0
2024-05-17 06:00:00,0.0
2024-05-17 06:30:00,0.0
2024-05-17 07:00:00,0.0
2024-05-17 07:30:00,0.0
2024-05-17 08:00:00,0.0
2024-05-17 08:30:00,0.0
2024-05-17 09:00:00,0.0
2024-05-17 09:30:00,0.0
2024-05-17 10:00:00,0.0
2024-05-17 10:30:00,0.0
2024-05-17 11:00:00,0.0
2024-05-17 11:30:00,0.0
2024-05-17 12:00:00,0.0
2024-05-17 12:30:00,0.0
2024-05-17 13:00:00,0.0
2024-05-17 13:30:00,0.0
2024-05-17 14:00:00,0.38915
2024-05-17 14:30:00,0.0
2024-05-17 15:00:00,0.0
2024-05-17 15:30:00,0.0
2024-05-17 16:00:00,0.0
2024-05-17 16:30:00,0.0
2024-05-17 17:00:00,0.73375
2024-05-17 17:30:00,0.08213333333333334
2024-05-17 18:00:00,0.0
2024-05-17 18:30:00,0.0
2024-05-17 19:00:00,0.1591
2024-05-17 19:30:00,0.0
2024-05-17 20:00:00,0.0
2024-05-17 20:30:00,0.0
2024-05-17 21:00:00,0.0
2024-05-17 21:30:00,-0.4767
2024-05-17 22:00:00,0.029066666666666668
2024-05-17 22:30:00,0.0
2024-05-17 23:00:00,0.7684
2024-05-17 23:30:00,0.4767
2024-05-18 00:00:00,0.0
2024-05-18 00:30:00,0.0
2024-05-18 01:00:00,0.6354
2024-05-18 01:30:00,0.0
2024-05-18 02:00:00,0.0
2024-05-18 02:30:00,0.0
2024-05-18 03:00:00,0.0
2024-05-18 03:30:00,0.0
2024-05-18 04:00:00,0.0
2024-05-18 04:30:00,0.0
2024-05-18 05:00:00,0.0
2024-05-18 05:30:00,0.0
2024-05-18 06:00:00,0.0
2024-05-18 06:30:00,0.0
2024-05-18 07:00:00,0.0
2024-05-18 07:30:00,0.0
2024-05-18 08:00:00,0.0
2024-05-18 08:30:00,0.0
2024-05-18 09:00:00,0.0
2024-05-18 09:30:00,0.0
2024-05-18 10:00:00,0.0
2024-05-18 10:30:00,0.0
2024-05-18 11:00:00,0.0
2024-05-18 11:30:00,0.0
2024-05-18 12:00:00,0.0
2024-05-18 12:30:00,0.0
2024-05-18 13:00:00,0.0
2024-05-18 13:30:00,0.37895
2024-05-18 14:00:00,0.0
2024-05-18 14:30:00,0.0
2024-05-18 15:00:00,-0.3182
2024-05-18 15:30:00,0.0
2024-05-18 16:00:00,0.33525
2024-05-18 16:30:00,0.0
2024-05-18 17:00:00,0.05283333333333334
2024-05-18 17:30:00,0.4767
2024-05-18 18:00:00,0.0
2024-05-18 18:30:00,0.0
2024-05-18 19:00:00,-0.1779
2024-05-18 19:30:00,0.0
2024-05-18 20:00:00,0.0
2024-05-18 20:30:00,0.0
2024-05-18 21:00:00,0.0
2024-05-18 21:30:00,0.0
2024-05-18 22:00:00,-0.6249
2024-05-18 22:30:00,0.0
2024-05-18 23:00:00,0.0
2024-05-18 23:30:00,0.0
2024-05-19 00:00:00,0.0
2024-05-19 00:30:00,0.0
2024-05-19 01:00:00,0.0
2024-05-19 01:30:00,0.0
2024-05-19 02:00:00,0.0
2024-05-19 02:30:00,0.0
2024-05-19 03:00:00,0.0
2024-05-19 03:30:00,0.0
2024-05-19 04:00:00,0.0
2024-05-19 04:30:00,0.0
2024-05-19 05:00:00,0.0
2024-05-19 05:30:00,0.0
2024-05-19 06:00:00,0.1462
2024-05-19 06:30:00,0.0
2024-05-19 07:00:00,0.0
2024-05-19 07:30:00,0.0
2024-05-19 08:00:00,0.0
2024-05-19 08:30:00,0.0
2024-05-19 09:00:00,0.0
2024-05-19 09:30:00,0.0
2024-05-19 10:00:00,0.0
2024-05-19 10:30:00,0.0
2024-05-19 11:00:00,0.0
2024-05-19 11:30:00,0.0
2024-05-19 12:00:00,0.0
2024-05-19 12:30:00,0.5267
2024-05-19 13:00:00,0.0
2024-05-19 13:30:00,0.0
2024-05-19 14:00:00,0.0
2024-05-19 14:30:00,0.0
2024-05-19 15:00:00,0.0
2024-05-19 15:30:00,0.0
2024-05-19 16:00:00,0.0
2024-05-19 16:30:00,-0.1366
2024-05-19 17:00:00,0.4767
2024-05-19 17:30:00,0.0
2024-05-19 18:00:00,0.0
2024-05-19 18:30:00,0.0
2024-05-19 19:00:00,0.0
2024-05-19 19:30:00,0.0
2024-05-19 20:00:00,0.0
2024-05-19 20:30:00,0.0
2024-05-19 21:00:00,0.0
2024-05-19 21:30:00,0.5106
2024-05-19 22:00:00,0.0
2024-05-19 22:30:00,0.0
2024-05-19 23:00:00,0.0
2024-05-19 23:30:00,0.0
2024-05-20 00:00:00,0.0
2024-05-20 00:30:00,0.0
2024-05-20 01:00:00,0.0
2024-05-20 01:30:00,0.0
2024-05-20 02:00:00,0.0
2024-05-20 02:30:00,0.0
2024-05-20 03:00:00,0.0
2024-05-20 03:30:00,0.0
2024-05-20 04:00:00,0.0
2024-05-20 04:30:00,0.0
2024-05-20 05:00:00,0.0
2024-05-20 05:30:00,0.0
2024-05-20 06:00:00,0.0
2024-05-20 06:30:00,0.0
2024-05-20 07:00:00,0.0
2024-05-20 07:30:00,0.0
2024-05-20 08:00:00,0.0
2024-05-20 08:30:00,0.0
2024-05-20 09:00:00,0.0
2024-05-20 09:30:00,0.0
2024-05-20 10:00:00,0.0
2024-05-20 10:30:00,0.0
2024-05-20 11:00:00,0.0
2024-05-20 11:30:00,0.0
2024-05-20 12:00:00,0.0
2024-05-20 12:30:00,0.0
2024-05-20 13:00:00,0.04891666666666667
2024-05-20 13:30:00,0.0
2024-05-20 14:00:00,0.0
2024-05-20 14:30:00,0.0
2024-05-20 15:00:00,0.0
2024-05-20 15:30:00,0.27115
2024-05-20 16:00:00,0.0
2024-05-20 16:30:00,0.0
2024-05-20 17:00:00,0.0
2024-05-20 17:30:00,-0.044475
2024-05-20 18:00:00,0.0
2024-05-20 18:30:00,0.8402
2024-05-20 19:00:00,0.0
2024-05-20 19:30:00,0.0
2024-05-20 20:00:00,0.14049999999999999
2024-05-20 20:30:00,0.0
2024-05-20 21:00:00,0.0
2024-05-20 21:30:00,-0.7351
2024-05-20 22:00:00,0.8271
2024-05-20 22:30:00,0.0
2024-05-20 23:00:00,0.0
2024-05-20 23:30:00,0.0
